,name,subscribers,view_count,view_mean,video_count,category,youtube_since
0,T-Series,242000000,224020601249,34782385,19693,Music,2006
2,Cocomelon - Nursery Rhymes,159000000,160523008051,605958,917,Education,2006
3,SET India,156000000,145638871329,410676,112933,Shows,2006
4,MrBeast,155000000,26294817807,98649236,738,Entertainment,2012
6,â¿ Kids Diana Show,111000000,91725394141,1192865,1092,People&Blogs,2015
7,PewDiePie,111000000,29002537431,2512577,4711,Gaming,2010
8,Like Nastya,105000000,89816604437,667615,794,People&Blogs,2016
9,Vlad and Niki,97300000,75948855232,1867904,558,Entertainment,2018
10,Zee Music Company,95200000,56702193364,2917701,8291,Music,2014
11,WWE,95000000,76322175114,96198,68991,Sports,2007
13,BLACKPINK,88600000,31316369572,2736089,524,People&Blogs,2016
14,Goldmines,85300000,23457377036,251473,6007,Film&Animation,2012
15,Sony SAB,81100000,98011756778,1338360,68870,Shows,2007
16,5-Minute Crafts,79900000,26046189918,17632360,6240,Howto&Style,2016
18,BANGTANTV,74800000,20396469973,694148,2208,Music,2012
19,Justin Bieber,71400000,30347836580,1151663,249,Music,2007
20,HYBE LABELS,70700000,27958963417,7525554,1241,Music,2008
21,Zee TV,69000000,71040225517,1473085,125589,Entertainment,2005
22,Pinkfong Baby Shark - Kids' Songs & Stories,67300000,38109482261,57615,2769,Education,2011
23,Canal KondZilla,66500000,37489728391,585786,2555,Music,2012
24,Shemaroo Filmi Gaane,65000000,28266687676,645940,8360,Music,2010
25,ChuChu TV Nursery Rhymes & Kids Songs,64800000,44928086588,12559328,599,Education,2013
26,Colors TV,62800000,59652313218,956312,109773,Shows,2008
27,T-Series Bhakti Sagar,60000000,28900294325,451167,25689,Music,2011
28,Dude Perfect,59400000,16046422265,5053591,381,Sports,2009
29,Movieclips,59300000,59062223379,16754,38849,Film&Animation,2006
30,Tips Official,58400000,32730595953,1988243,4531,Music,2007
31,Wave Music,57400000,40290445139,5074232,19367,Music,2014
32,El Reino Infantil,57400000,56270419948,468263,1459,Music,2011
33,Aaj Tak,56900000,24632385676,175671,266855,News&Politics,2009
34,Sony Music India,56800000,28446037431,1296916,3656,Music,2009
35,EminemMusic,56400000,26617164569,1073340,140,Music,2007
36,Marshmello,56300000,14510235957,516750,429,Entertainment,2015
37,YRF,53700000,34467864307,643985,3621,Film&Animation,2006
38,LooLoo Kids - Nursery Rhymes and Children's Songs,53700000,32006385788,6665278,675,Music,2014
39,Ed Sheeran,53300000,29989600120,2256070,348,Music,2006
40,Ariana Grande,52600000,23764980181,820462,147,Music,2007
41,Taylor Swift,51800000,29069241210,1330595,212,Music,2006
42,BillionSurpriseToys - English Kids Songs & Cartoon,51700000,9574889563,2349867,777,Education,2013
43,Infobells - Hindi,51500000,29540427978,15863077,556,Education,2014
44,JuegaGerman,47900000,14537888702,1583224,2045,Gaming,2013
45,Billie Eilish,47700000,13393313149,621741,54,Music,2013
46,Badabun,46700000,19335428358,4304914,17750,Entertainment,2014
47,Shemaroo,46400000,22058707080,675307,11080,Entertainment,2007
48,Get Movies,46400000,30375500140,336288,3272,Entertainment,2006
49,SonyMusicIndiaVEVO,46000000,26730373898,415540,3386,Music,2009
50,Fernanfloo,45900000,10273268142,3777894,543,Gaming,2011
51,Bad Bunny,45900000,30040599241,33328239,130,Music,2014
52,A4,45500000,22186608439,8357528,758,Gaming,2014
53,Felipe Neto,45000000,16450334457,758835,4231,Entertainment,2006
54,Voot Kids,44600000,20914468455,279052,4415,Entertainment,2016
55,BRIGHT SIDE,44500000,10670205203,29473,5892,Howto&Style,2017
56,VocÃª Sabia?,44500000,7771623704,321922,1519,Entertainment,2013
57,Katy Perry,44100000,25232952982,676951,122,Music,2008
58,whinderssonnunes,44100000,4235926598,1057617,530,Comedy,2013
59,ABS-CBN Entertainment,43700000,49913719449,1135007,190182,People&Blogs,2008
61,Alan Walker,43300000,12696337204,2223452,392,Music,2012
62,Shakira,42600000,27014661576,20662412,315,People&Blogs,2005
63,ÐÐ°ÑÐ° Ð¸ ÐÐµÐ´Ð²ÐµÐ´Ñ,42600000,36024571736,335568,1416,Film&Animation,2011
64,Speed Records,42300000,26534462432,2619315,10844,Music,2012
65,Like Nastya Show,42300000,19446680203,870803,603,Entertainment,2017
66,HAR PAL GEO,41800000,38362753853,9203159,94550,Entertainment,2008
67,ARY Digital HD,41800000,36166225890,1283336,102696,Entertainment,2016
69,Masha and The Bear,40800000,23629767202,386316,1152,Shows,2014
70,Ishtar Music,40800000,17268210376,5480349,4606,Trailers,2005
71,Kimberly Loaiza,40700000,5401982774,6610517,280,People&Blogs,2016
72,Little Baby Bum - Nursery Rhymes & Kids Songs,40800000,39271007609,118876,2387,Education,2011
73,Luisito Comunica,40400000,8527426368,3413596,1253,Comedy,2012
74,elrubiusOMG,40400000,7643446738,3175723,713,Gaming,2011
75,Toys and Colors,39400000,46171493860,212064,964,Entertainment,2016
76,shfa2 - Ø´ÙØ§,39200000,23506153520,129246814,1547,People&Blogs,2017
77,LUCCAS NETO - LUCCAS TOON,39100000,22027494184,75484,2232,People&Blogs,2014
78,XXXTENTACION,39000000,10415721736,383920,132,Music,2015
79,WorkpointOfficial,38800000,35839859233,331081,71087,Entertainment,2012
80,GR6 EXPLODE,38700000,25564564961,6022772,4190,Music,2014
81,CarryMinati,38500000,3224076232,13139380,182,Comedy,2014
82,Super Simple Songs - Kids Songs,38400000,43645963144,1043679,715,Education,2006
83,TEDx Talks,38300000,7274441287,43053,197852,Nonprofits&Activism,2009
84,TheEllenShow,38200000,22699688458,1401219,15531,Entertainment,2006
85,shfa,38100000,21188400752,8135778,973,People&Blogs,2015
87,Daddy Yankee,37800000,22423800226,5280639,491,Music,2011
88,Goldmines Gaane Sune Ansune,37700000,15778865640,1025170,3492,Music,2015
89,Mikecrack,37600000,15785228148,1949833,1830,Gaming,2015
90,Sony PAL,37300000,27784561655,1050183,23502,Shows,2014
91,Jkk Entertainment,37200000,16268017460,10957759,215,Comedy,2017
92,Vlad vÃ  Niki,37100000,22945961111,207328,494,,2018
93,à¸à¹à¸­à¸ one31,37100000,26933879473,72633,112692,Entertainment,2013
95,Maria Clara & JP,36600000,23800571763,3208983,730,People&Blogs,2015
96,ABP NEWS,36500000,12743352287,388612,284400,People&Blogs,2012
97,Maroon 5,36500000,22272418786,67630670,168,Music,2006
98,Bruno Mars,36500000,19112765325,985668,99,Music,2006
100,Ultra Bollywood,36300000,15680832943,2045022,9076,Trailers,2009
101,Ozuna,36100000,23057917052,3738796,188,Music,2016
102,PowerKids TV,35800000,18471683961,72820,4969,Film&Animation,2014
103,YouTube,35800000,2993107142,4371939,723,News&Politics,1970
104,La Granja de ZenÃ³n,35100000,26644721711,200145550,639,Music,2013
105,Total Gaming,35000000,5472602728,870347,1184,Gaming,2018
106,IndiaTV,34900000,15771353002,57407,266852,News&Politics,2006
107,Markiplier,34900000,20031247787,2599241,5456,Gaming,2012
108,Ryan's World,34800000,54862595252,413570,2399,Entertainment,2015
109,Bollywood Classics,34500000,21955690322,58686729,1991,Music,2012
110,T-Series Apna Punjab,34300000,20960876048,8259819,7543,Music,2011
111,Genevieve's Playhouse - Learning Videos for Kids,33800000,24623159704,38040915,609,Education,2016
112,Geet MP3,34100000,12574600105,1401476,646,Music,2016
113,J Balvin,34000000,22781994918,395172,140,Music,2011
114,Saregama Music,33900000,14778005488,16680439,7367,Entertainment,2013
115,VEGETTA777,33800000,15368337102,559838,7524,Gaming,2008
116,Desi Music Factory,33700000,10113435871,3670478,130,Music,2014
117,Galinha Pintadinha,33500000,26632979718,805529865,65,Film&Animation,2006
118,SSSniperWolf,33500000,23144270149,756197,3297,Gaming,2013
119,Techno Gamerz,33500000,9395996665,3736579,933,Gaming,2017
120,KHANDESHI MOVIES,33400000,11355578626,5066640,212,Comedy,2013
121,Selena Gomez,33400000,12804532861,886964,188,Film&Animation,2008
122,NoCopyrightSounds,33300000,10442413583,325724,1298,Music,2011
123,Ch3Thailand,33200000,29307952472,67254,94022,Entertainment,2014
124,CVS 3D Rhymes & Kids Songs,33100000,20077711451,544941851,338,Education,2008
126,Rajshri,32900000,14510271430,3049112,3614,Music,2006
127,MrBeast Gaming,32500000,5717138854,14578158,139,Gaming,2020
128,BabyBus - Kids Songs and Cartoons,32500000,26160096710,95289,2070,Education,2016
129,Eros Now Music,32500000,17694383601,445224,9862,Entertainment,2007
130,DisneyMusicVEVO,32300000,28016267490,1692917,2031,Music,2010
131,The Weeknd,32200000,22715574783,507944,136,Music,2011
132,Ricis Official,32200000,5875557361,629792,2562,People&Blogs,2016
133,rezendeevil,32000000,12999274006,3233126,11839,Gaming,2012
134,Mr Bean,31900000,10501448905,148447,3012,Shows,2006
135,GENIAL,31800000,6718451861,484735,6474,Howto&Style,2017
136,SMTOWN,31700000,27012468998,23037590,4124,Music,2006
137,JustinBieberVEVO,31600000,26399292531,659507,204,Music,2009
138,KAROL G,31500000,17901306996,1068016,130,Music,2013
139,Dream,31500000,2941619217,12796549,116,Gaming,2014
141,Worldwide Records Bhojpuri,31400000,16259055327,629624,6361,Music,2012
143,WowKidz,31300000,16649625121,135913,4130,Film&Animation,2015
144,GMA  Network,31100000,18249642358,1151680,84739,Entertainment,2006
145,MR. INDIAN HACKER,31100000,5579729272,4576400,914,Science&Technology,2012
146,The Tonight Show Starring Jimmy Fallon,31100000,17068223466,105556,8930,Comedy,2006
147,Lucas and Marcus,30900000,11079583776,3448617,1237,Entertainment,2011
148,Peppa Pig - Official Channel,30800000,22499393068,74081,3153,Film&Animation,2013
149,ImagineDragons,30500000,16503182529,312887,87,Music,2009
150,Trap Nation,30400000,13952741649,343629,2685,Music,2012
151,AH,30300000,4293298018,1765073,2115,Entertainment,2014
154,TheDonato,30200000,6014247429,1722648,2932,Entertainment,2015
155,Round2hell,30200000,3089406439,25248803,67,Comedy,2016
156,StarPlus,29800000,24635162341,563973,38293,Entertainment,2006
157,Zee News,30000000,16213756629,435572,173839,News&Politics,2007
158,Little Angel: Nursery Rhymes & Kids Songs,30000000,22297259817,221153,1294,Education,2015
159,Spinnin' Records,30000000,21079270710,282908,11340,Music,2007
160,ÙÙØ§Ø© Ø·ÙÙØ± Ø§ÙØ¬ÙØ© | toyoraljanahtv,30000000,27422415683,443243,3233,Entertainment,2008
162,Talking Tom,30000000,15052645302,1253468,510,Comedy,2010
164,Shawn Mendes,29900000,12675848814,875052,133,Music,2011
165,jacksepticeye,29700000,16159258237,3093600,5108,Gaming,2007
166,ashish chanchlani vines,29600000,4415589461,16792737,151,Comedy,2009
167,Ultra Records,29500000,17083090297,91608,4849,Music,2006
169,Maluma,29200000,21004661218,458143,24,Music,2018
170,AuronPlay,29200000,4063754634,3095182,404,Comedy,2006
171,AboFlah,29100000,4293787085,7333524,624,Gaming,2016
172,infobells - Tamil,28700000,17764332286,102037463,537,Education,2014
173,BETER BÃCÃK,28700000,16706329760,478604,2353,,2012
174,The Late Late Show with James Corden,28400000,10218100065,2870779,5895,Entertainment,2006
175,YOLO AVENTURAS,28700000,8684226924,3085243,1553,People&Blogs,2018
176,Aditya Music India,28200000,25485253714,2515144,21422,Music,2008
177,Enaldinho,27900000,11084679547,1136213,3527,Comedy,2012
178,Drake,28000000,15008192921,5307951,58,Music,2009
180,Aditya Movies,27800000,9768078332,16693908,5251,Movies,2012
181,Bounce Patrol - Kids Songs,27800000,20786783066,653431529,270,Music,2013
182,Frost Diamond,27500000,6657280616,16488938,2667,Gaming,2014
183,infobells - Telugu,27700000,14557231115,41378230,489,Education,2014
184,Sandeep Maheshwari,27600000,2253188266,1319032,568,People&Blogs,2012
185,Goldmines Dishoom,27500000,8462842808,3760594,3760,Film&Animation,2016
186,Masha y el Oso,27400000,13057439279,557814,1054,Film&Animation,2016
187,Zhong,27500000,14136696046,7523373,1432,Entertainment,2015
188,Shemaroo Movies,27500000,7343463605,191848,2853,Entertainment,2011
189,Wiz Khalifa,27400000,13236158494,16288878,664,Music,2008
190,toycantando,27400000,15468916179,441745,576,Music,2009
191,HUM TV,27000000,22836212872,782696,101169,Entertainment,2011
192,Nick Jr.,27000000,22190890718,100710,5329,Film&Animation,2012
193,ToyPuddingTV,27100000,15862848154,74760647,2437,Entertainment,2014
194,JYP Entertainment,27000000,19468696854,2139256,1693,Music,2008
195,â Kids Roma Show,26900000,10052903767,1840463,634,People&Blogs,2015
196,Jess No Limit,27000000,3351922767,1206694,2030,Entertainment,2017
197,DanTDM,26900000,19284336552,11281651,3656,Gaming,2012
198,Crazy XYZ,26900000,7518248392,2991506,1233,Entertainment,2017
199,Renato Garcia YT,26700000,7806918439,905243,3864,Entertainment,2011
200,enchufetv,26700000,10292409745,825088,948,Comedy,2011
201,Brent Rivera,26400000,6336498248,10782856,542,Comedy,2009
202,Netflix,26400000,6923011091,2684549,6344,Entertainment,2012
203,WORLDSTARHIPHOP,26400000,20234388656,173860,6826,Music,2008
204,BB Ki Vines,26200000,4719241758,11252692,190,Entertainment,2015
205,Raffy Tulfo in Action,26200000,14837393397,333828,9826,News&Politics,2016
206,Shorts Break,26100000,17591975147,10948386,425,Comedy,2021
207,1MILLION Dance Studio,26000000,7822252774,573654,5467,Entertainment,2015
208,BeyoncÃ©,25900000,17167555888,786875,238,Music,2005
209,D Billions,25900000,31098676996,198571,718,,2019
210,MarÃ­lia MendonÃ§a,25900000,18345546272,2377343,125,Music,2013
211,VanossGaming,25800000,15454006925,442271,1729,Gaming,2011
212,Goldmines Bollywood,25800000,8438010092,1660380,3444,Film&Animation,2015
213,LosPolinesios,25700000,7422909284,1503690,967,People&Blogs,2012
214,TaylorSwiftVEVO,25700000,25169065454,16069898,264,Music,2009
215,David Guetta,25500000,17528551489,9352343,734,Music,2009
216,Nicki Minaj,25500000,10098343068,2215427,41,Music,2013
217,Dushyant kukreja,25200000,16264123131,4437713,837,Entertainment,2015
218,Post Malone,25200000,14075494599,709535,72,Music,2011
219,ZHC,25400000,2646354926,9735684,310,Film&Animation,2013
220,Rans Entertainment,25100000,6335058567,2191858,3617,People&Blogs,2015
221,Chris Brown,25100000,15306024829,765602,28,Music,2006
222,WatchMojo.com,25100000,16270855375,60374,24421,Music,2007
224,RihannaVEVO,25100000,19302397258,70644905,118,Music,2009
225,Gulshan Kalra,25000000,11931964002,11685396,526,Howto&Style,2018
226,Coldplay,25000000,17010828645,1620571,388,Music,2010
227,Indosiar,25000000,11600710527,494306,65573,Music,2013
228,Smosh,25000000,10341770968,397504,1577,Comedy,2005
229,TRANS7 OFFICIAL,24800000,13955791505,59577,87422,Entertainment,2014
230,LankyBox,24700000,33122589391,4907677,8155,Comedy,2016
231,Yuya,24800000,2587990308,1798679,672,Howto&Style,2009
232,EminemVEVO,24800000,20298506449,907102,104,Music,2009
233,WB Kids,24700000,10780612396,813877,1981,People&Blogs,2015
234,Beast Reacts,25000000,4034092372,9510273,241,People&Blogs,2016
235,ABPLIVE,24700000,7724735681,1300980,175966,People&Blogs,2017
236,KatyPerryVEVO,24700000,23613607058,822131,173,Music,2009
237,The Lallantop,24700000,9989814589,581697,49031,News&Politics,2015
238,Anuel AA,24600000,14375383841,22104237,145,Music,2016
239,Alan Chikin Chow,24600000,25486070433,33369543,801,Comedy,2020
240,Chloe Ting,24600000,2957075598,385524,404,Howto&Style,2011
241,1theK (ìëì¼ì´),24500000,23797187757,1231713,18253,Music,2011
242,Junya.ãããã,24300000,14934696016,2830381,5247,Entertainment,2020
243,Amit Bhadana,24400000,2369314917,3426866,101,Entertainment,2012
244,MrBeast 2,24800000,4128185559,38643361,115,People&Blogs,2020
245,NichLmao,24300000,13187153717,5099122,815,People&Blogs,2018
246,Super JoJo - Nursery Rhymes & Kids Songs,24200000,921572,432420,31,,2019
247,DJ Snake,24100000,8326243160,606530,239,Music,2008
248,KSI,24100000,5990717921,1551586,1252,Entertainment,2009
250,MrBeast en EspaÃ±ol,24000000,2645059758,9898029,67,Entertainment,2021
251,Mark Rober,24000000,3440756259,12463496,114,Science&Technology,2011
252,Pen Movies,23900000,6475830673,11342243,1662,Film&Animation,2014
253,netd mÃ¼zik,23900000,55410619526,2611623,22909,Music,2014
254,Collins Key,23900000,6564535692,2761744,257,Entertainment,2011
255,Dan Rhodes,23900000,16788390150,73145167,1634,Entertainment,2015
258,James Charles,23800000,3975812532,2735400,486,Entertainment,2015
259,America's Got Talent,23700000,3253048059,3965406,1801,Entertainment,2006
260,Ninja,23700000,2530290533,339806,1671,Gaming,2011
261,Mister Max,23700000,15451468370,1014976,1091,People&Blogs,2014
262,Troom Troom,23700000,10298283023,148853,2325,Howto&Style,2015
263,Enrique Iglesias,23700000,17469719296,217310,439,Music,2007
264,Preston,23700000,8051082297,5539466,3982,Gaming,2012
265,Venus Entertainment,23600000,5563640165,1495341,1886,Entertainment,2010
266,Logan Paul,23600000,5982334363,2965269,718,Entertainment,2015
267,Goldmines Movies,23600000,5528739904,26758011,4723,Film&Animation,2013
268,NickyJamTV,23500000,15777667568,2293302,377,Music,2012
269,Jelly,23500000,14709863235,541158,6004,Gaming,2014
270,FaZe Rug,23500000,7257412191,2787660,2140,Gaming,2012
272,Peppa Pig EspaÃ±ol Latino - Canal Oficial,23400000,7835563400,1367345,1200,Film&Animation,2014
273,Miss Katy,23400000,14589950134,551102,1034,People&Blogs,2014
274,Sesame Street,23300000,22274502780,568356,3626,Entertainment,2006
276,Juan De Dios Pantoja,23300000,2065123921,4751023,218,Entertainment,2014
277,Valentina Pontes ofc,23300000,7875321396,43744309,1276,Film&Animation,2014
279,Lady Gaga,23100000,15492787036,533022,172,People&Blogs,2008
280,Alejo Igoa,23100000,10308989899,4770428,762,Comedy,2014
281,GMM GRAMMY OFFICIAL,23000000,25385738038,721230,15158,Music,2010
283,DrossRotzank,22900000,5987974278,998830,1583,Entertainment,2006
284,Technical Guruji,23000000,3346220406,872241,4972,Science&Technology,2015
285,TED,22900000,2528511666,4033917,4399,People&Blogs,2006
286,PANDA BOI,22400000,14653107165,71125152,906,Entertainment,2020
287,Wave Music Bhojpuri,22900000,12804053058,73445758,22345,Music,2014
288,White Hill Music,22800000,10782284086,3274412,5600,Entertainment,2014
289,Spider Slack,22600000,13010378655,18534744,823,Comedy,2020
290,Daniel LaBelle,22700000,12174819269,29253181,277,Comedy,2009
291,BabyBus - Canciones Infantiles & Videos para NiÃ±os,22700000,13038912679,2753322,1204,Education,2018
292,The Chainsmokers,22500000,14081130529,375382,174,Music,2012
293,mmoshaya,22500000,17385379883,3999939,1183,People&Blogs,2010
294,Like Nastya PRT,22500000,11409108098,2674537,636,Entertainment,2019
295,Ultra Movie Parlour,22500000,5388042173,3984356,1586,Movies,2011
296,Sia,22500000,13231436497,325064,171,Music,2007
297,toyorbabytv,22300000,15936289579,22803295,1138,Music,2012
299,Paulo Londra,22300000,7929711798,2586841,58,Music,2016
300,Goldmines Cineplex,22300000,2359288681,1867980,3262,Film&Animation,2015
301,Smile Family,22300000,8619914110,14452020,495,People&Blogs,2018
302,Tilak,22100000,8969902843,749210,5964,Film&Animation,2020
303,Kids TV - Nursery Rhymes And Baby Songs,22100000,12951614329,687442,3736,Shows,2013
304,SSundee,22200000,13552710736,830890,3275,Gaming,2009
305,Alan Becker,22200000,5173199641,8100062,155,Film&Animation,2006
306,Vania Mania Kids,22000000,9615203769,173642,964,People&Blogs,2015
307,FGTeeV,22000000,23827000846,289334,1706,Gaming,2013
308,Sun TV,22000000,19737796464,535695,55322,People&Blogs,2016
309,That Little Puff,22000000,19100600776,9262799,735,Pets&Animals,2020
310,Charlie Puth,21900000,9751305188,4906864,152,Music,2009
311,Kinder Spielzeug Kanal (Kidibli),21800000,10913339548,16092103,960,Entertainment,2015
312,OneDirectionVEVO,21800000,12061792661,2542180,266,Music,2010
313,Disney LatinoamÃ©rica,21700000,20472969392,74273,8082,Entertainment,2007
314,Tsuriki Show,21400000,29779601940,13837578,2648,Entertainment,2019
316,National Geographic,21600000,5549356120,546796,10106,Science&Technology,2006
317,Dua Lipa,21600000,11045300122,2054373,163,Music,2011
318,unknown boy varun,21800000,8723101348,6699676,410,Music,2016
319,Netflix India,21400000,7350895949,6010474,3441,People&Blogs,2016
320,Eva Bravo Play,21500000,9194732224,343445,216,Entertainment,2019
321,Rotana,21500000,18825808379,3250365,8339,Music,2012
322,Tlnovelas,21200000,14683610893,913555,37764,News&Politics,2013
323,Becky G,21200000,10473715647,3185486,78,Music,2011
324,Tekashi 6ix9ine,21100000,5737070924,11079327,34,People&Blogs,2018
325,Baim Paula,21100000,4481647112,269794,2254,People&Blogs,2016
326,Tasty,21100000,5724904846,5317930,4630,Howto&Style,2016
327,Vlad and Niki ESP,21100000,8142491340,462932,496,,2018
328,nigahiga,21100000,4377268639,642624,403,Entertainment,2006
329,DUDU e CAROL,21100000,9273545856,46064240,2934,Autos&Vehicles,2013
330,Village Cooking Channel,21000000,5579812550,5304623,213,Howto&Style,2018
331,Zach Choi ASMR,21000000,5464430824,2643174,869,People&Blogs,2014
332,GMA Public  Affairs,21000000,11125462898,776644,30391,Entertainment,2009
333,Sourav Joshi Vlogs,20900000,8875359585,4804414,1327,People&Blogs,2019
334,Infinite,21000000,5028293758,4280853,1594,Entertainment,2014
335,The Royalty Family,20800000,6005965969,3610840,720,People&Blogs,2017
336,invictor,20900000,8215171206,1565591,2239,Gaming,2013
337,Fede Vigevani,20900000,7088019989,5645883,1034,Howto&Style,2009
338,Ben Azelart,20900000,4099556966,12291576,286,Film&Animation,2014
339,Brave Wilderness,20800000,4909466491,664329,982,Pets&Animals,2014
340,Khan GS Research Centre,20800000,2027122165,2609351,359,Education,2019
341,Lyrical Lemonade,20800000,10500471709,12449268,417,Entertainment,2013
342,Canal Canalha,20800000,1842203043,1522435,287,Comedy,2011
343,Dr. Vivek Bindra: Motivational Speaker,20800000,1668224512,488801,843,Education,2013
344,Fatos Desconhecidos,20700000,3746858714,2931560,6105,Entertainment,2013
345,Romeo Santos,20700000,16969593844,1268309,54,Music,2005
346,5-Minute Crafts DIY,20700000,5046585617,361803,4879,Howto&Style,2018
347,Stokes Twins,20600000,4145548064,13264387,252,People&Blogs,2008
348,Sidhu Moose Wala,20500000,5958076656,40546461,113,Music,2017
349,Kurzgesagt â In a Nutshell,20600000,2319235975,3286875,181,Education,2013
351,Avicii,20500000,10170387914,958969,153,Music,2009
352,Mnet K-POP,20500000,14806215599,1303820,32329,Entertainment,2006
353,NBA,20600000,12464762833,1485452,47252,Sports,2005
354,Deddy Corbuzier,20500000,4862634916,929383,1333,Entertainment,2009
355,SMOL,20400000,21188248582,10744917,3401,People&Blogs,2021
356,LazarBeam,20400000,8727873610,6537334,1322,Gaming,2015
358,Rafa & Luiz,20400000,7583813824,3990150,2772,Entertainment,2015
359,Totoy kids - PortuguÃªs,20300000,1745829866,13670935,193,Film&Animation,2014
360,Linkin Park,20300000,13120877063,7152147,715,Music,2006
361,LeoNata Family,20300000,24961773273,20341409,2129,People&Blogs,2021
362,SlivkiShow,20300000,4655934988,2676962,457,Entertainment,2012
363,Ninja Kidz TV,20300000,10755462601,275796,291,Entertainment,2017
364,Jake Paul,20300000,7294053938,745796,958,People&Blogs,2013
365,Family GamesTV,20300000,7065162053,104722,268,Entertainment,2016
367,BuzzFeedVideo,20200000,17898758327,256426,7660,People&Blogs,2011
368,Dangal TV Channel,20200000,11942723504,202242,18331,Entertainment,2017
370,AuthenticGames,20100000,8912368138,296218,4919,Gaming,2011
371,Skrillex,20100000,6579080157,1033461,238,Music,2010
372,BabyBus - Cerita & Lagu Anak-anak,20100000,11669764934,50652765,821,Education,2019
373,YOLO,20300000,1442408878,931885,236,Comedy,2015
374,LIV Crime,20000000,10469904479,396943,8828,People&Blogs,2020
375,Emiway Bantai,20100000,3512958287,2992686,220,Music,2013
376,Got Talent Global,20100000,2371416339,326057,1138,Entertainment,2013
377,Marvel Entertainment,20100000,5598781203,2633894,8476,Entertainment,2005
378,REACT,20000000,13112666703,90321,4226,Entertainment,2007
379,Azhan5star,20000000,9537514880,13456432,618,Entertainment,2021
380,Sagawa /ããã,20000000,16917096523,3902282,5737,Entertainment,2021
381,Robin Hood Gamer,20000000,10285133511,442194,3990,Entertainment,2014
382,Noor Stars,20000000,2720140617,1047254,679,Comedy,2014
383,Vevo,20000000,557753295,25231230,1518,Music,2006
384,5-Minute Crafts PLAY,20000000,6025869830,1122092,5291,Howto&Style,2017
385,Pentatonix,20000000,6011740706,299201,266,Music,2011
386,Pencilmation,20000000,11241019776,1175626,1455,Film&Animation,2007
387,Green Gold TV - Official Channel,19900000,9639802482,130581,1642,Film&Animation,2011
388,Vijay Television,19900000,28059806797,639031,48207,Entertainment,2007
389,Bizarrap,19900000,7278113644,94942296,81,Comedy,2017
390,Gordon Ramsay,19800000,3821954644,590744,1478,Entertainment,2006
391,JennaMarbles,19700000,1798429204,3452250,250,Comedy,2010
392,CookieSwirlC,19800000,23051896170,19711263,3737,Entertainment,2013
393,Gusttavo Lima Oficial,19800000,13569377735,9137223,358,Music,2010
394,Crafty Panda,19800000,5745847484,10851583,736,People&Blogs,2017
395,HaerteTest,19800000,3224943935,704006,1367,Science&Technology,2011
396,MiawAug,19800000,5973464058,1139042,3649,Gaming,2014
397,SCTV,19600000,9682854797,867537,52574,Entertainment,2011
398,Clash of Clans,19600000,3920400285,2239050,660,Gaming,2013
399,Troom Troom Es,19600000,7399202838,374541,2843,People&Blogs,2016
400,Topper Guild,19200000,14420006051,8912147,738,Comedy,2014
401,Official Pink Panther,19500000,10803466261,417989,711,Film&Animation,2013
402,Britain's Got Talent,19500000,11179479522,660976,4083,Entertainment,2008
403,7clouds,19500000,14345205884,1203760,2327,Music,2013
405,tabii Urdu,19500000,8609577412,1639145,1235,Entertainment,2020
406,AS Gaming,19500000,2816854909,342804,1250,Gaming,2016
407,SOMOY TV,19400000,11849426667,191476,140442,News&Politics,2015
408,DLS News,19400000,2216840197,578017,4578,News&Politics,2017
409,JukiLop,19400000,1573882518,2244934,85,People&Blogs,2017
410,shane,19300000,4319678718,2607500,571,People&Blogs,2005
411,FIFA,19300000,5438288980,2476993,10601,Sports,2006
412,Sony AATH,19200000,13476500530,228006,17943,Shows,2013
413,etvteluguindia,19200000,22553315758,355190,123304,Entertainment,2010
414,RKD Studios,19200000,5259399607,9576255,859,Entertainment,2014
415,Marta and Rustam,19100000,18912931555,11599689,694,Comedy,2021
417,Jimmy Kimmel Live,19100000,13095591498,857861,6526,Entertainment,2006
418,Sonotek,19100000,7541227727,10349294,8261,Entertainment,2011
419,Lil Nas X,19000000,6253187810,601823,37,Music,2018
421,TheOdd1sOut,19000000,4505418722,5348342,138,Comedy,2014
423,Vsauce,18900000,2761926112,7676580,447,Science&Technology,2007
424,KBS WORLD TV,18900000,14971081397,231323,63433,Entertainment,2007
425,HiMan,18800000,2811199518,1175555,368,People&Blogs,2014
426,Turma da MÃ´nica,18800000,13678470741,1807787,1137,Film&Animation,2012
427,Little Angel EspaÃ±ol - Canciones Infantiles,18800000,9507220844,2580386,686,Education,2018
428,Cardi B,18800000,7566578446,966244,60,People&Blogs,2016
429,CKN,18700000,12215751818,78709710,478,Entertainment,2015
430,SUPER SLICK SLIME SAM,18700000,7054285721,178463,872,Howto&Style,2018
431,Masha e o Urso,18700000,8164855114,656897,1073,Shows,2016
432,ÐÐ¾Ð·Ð½Ð°Ð²Ð°ÑÐµÐ»Ñ,18600000,9478244699,797274,522,Entertainment,2014
433,Farruko,18600000,9403273557,1703560,205,Music,2009
434,Ali-A,18600000,6076488095,5924237,4096,Gaming,2006
435,Goldmines Great Indian Comedy,18600000,5078038512,20387454,2730,Film&Animation,2016
436,TED-Ed,18600000,3609403547,207444,2051,Education,2011
437,Wow Kidz Action,18600000,8145443530,2691934,1653,Film&Animation,2017
438,The ACE Family,18500000,4553511615,533462,711,People&Blogs,2016
439,Sidemen,18500000,5109750381,7920948,303,Entertainment,2015
440,TheWillyrex,18400000,7021924659,152529,6900,Comedy,2011
441,GRAMMY GOLD OFFICIAL,18400000,19910076186,426083,6157,Music,2014
442,PDK Films,18400000,4089986843,32316606,110,Entertainment,2009
443,shakiraVEVO,18400000,24859208019,27655564,195,Music,2009
444,Ishaan Ali 11,18400000,11349828769,17890684,888,People&Blogs,2016
445,Dan-Sa / Daniel Saboya,18400000,6426810333,203941,2768,Music,2007
446,Like Nastya Vlog,18400000,8070560686,37414800,477,People&Blogs,2016
447,Shemaroo Comedy,18300000,5921383803,354025,4303,Entertainment,2007
450,Marmok,18300000,3400321797,2202520,368,Gaming,2008
451,Yoeslan,18300000,16193658009,32019973,547,Entertainment,2020
452,KL BRO Biju Rithvik,18700000,15332144057,3053981,1730,Entertainment,2020
453,Zach King,18300000,3948175431,591645,442,Entertainment,2013
454,Unbox Therapy,18200000,4480629734,1566699,2149,Science&Technology,2010
455,INCRÃVEL,18200000,3188429872,400516,6677,People&Blogs,2017
456,Naisa Alifia Yuriza (N.A.Y),18200000,1561839572,5274274,724,People&Blogs,2017
457,Good Mythical Morning,18200000,8702599730,169945,3285,Entertainment,2008
458,RsiamMusic : à¸­à¸²à¸£à¹à¸ªà¸¢à¸²à¸¡,18200000,11462204260,548046,3026,Music,2011
459,Triggered Insaan,18100000,3134293302,4108293,294,Comedy,2014
460,Dhar Mann,18100000,10901220399,1218852,861,People&Blogs,2018
461,Miley Cyrus,18100000,7556098885,456151,142,Entertainment,2009
462,GEN HALILINTAR,18100000,3272390433,1137770,1010,Entertainment,2015
463,Ø´Ø¨ÙØ© Ø§ÙØ¹Ø§Ø¨ Ø§ÙØ¹Ø±Ø¨ | Arab Games Network,18000000,8644056423,513225,6161,Gaming,2013
464,SQUEEZIE,18000000,9895903729,5930430,1515,Gaming,2011
465,dednahype,18000000,18869731928,35355744,1762,Comedy,2020
466,officialpsy,18000000,10584983296,2037963,128,Music,2010
468,RobleisIUTU,17900000,5124378378,964611,1344,Entertainment,2013
470,TheGrefg,17900000,6343810492,1954136,3496,Gaming,2012
471,SebastiÃ¡n Yatra,17900000,10279004480,115879,232,News&Politics,2013
473,David Dobrik,17900000,7165826986,3976087,536,People&Blogs,2014
474,Lele Pons,17900000,5212100370,5867962,202,Comedy,2015
476,SonyMusicSouthVEVO,17800000,17550301278,2204555,5630,Music,2014
477,Manual do Mundo,17800000,3904079425,674989,2404,Howto&Style,2006
479,KatieAngel,17700000,3776249191,1650114,994,People&Blogs,2015
480,Blippi - Educational Videos for Kids,17700000,14558682116,178961,653,Education,2014
481,Lil Pump,17700000,4200814318,2881074,60,Music,2015
483,ArianaGrandeVevo,17700000,19964563074,1235827,178,Music,2010
484,And TV,17600000,14289264209,3226880,33727,Entertainment,2015
485,tanboy kun,17600000,3569077626,2368565,715,People&Blogs,2016
486,Porta dos Fundos,17600000,7676829784,797894,2191,Entertainment,2012
487,JFlaMusic,17600000,3792145054,999049,319,Music,2011
488,Les' Copaque Production,17500000,8886820118,851045,1675,Film&Animation,2009
489,Ajay Sharma,17500000,11952406523,6325786,866,Entertainment,2012
490,News 24,17500000,8122902513,485037,213383,News&Politics,2014
491,æå­æ Liziqi,17500000,2944747984,1333539,128,Howto&Style,2017
492,FactTechz,17500000,2228074029,519846,688,Entertainment,2016
493,The Game Theorists,17400000,3682661532,2483651,625,Gaming,2009
494,Jason Derulo,17500000,9490501056,740421,560,Music,2008
495,zbing z.,17500000,9178298249,677565,3081,Gaming,2014
496,IGN,17400000,15912671062,321982,154972,Gaming,2006
497,MissaSinfonia,17500000,2235833032,6148381,233,Comedy,2011
498,Stubborn Facts,17300000,900293471,11780415,277,Film&Animation,2016
499,How Ridiculous,17300000,8998052655,964745,639,Sports,2009
500,Ø§ÙÙØ±ÙÙØ§Ø³ - Al-Remas,17300000,10795671278,1071189,1983,Music,2013
501,Willyrex,17200000,4994666356,592365,7450,Gaming,2009
502,Ami Rodriguez,17200000,2548225572,5115092,428,Entertainment,2009
503,AMARINTV : à¸­à¸¡à¸£à¸´à¸à¸à¸£à¹à¸à¸µà¸§à¸µ,17200000,12705951302,182268,112481,Entertainment,2014
504,MSA previously My Story Animated,17200000,8185983896,4381910,1072,Film&Animation,2019
505,HowToBasic,17200000,3656118465,442123,575,Howto&Style,2011
506,Liza Koshy,17100000,2171115213,419044,142,Comedy,2013
507,PopularMMOs,17100000,14556655934,484287,4685,Gaming,2012
508,El Reino a Jugar,17100000,11306163564,53208674,985,Education,2015
509,Jason Vlogs,17100000,8764622207,33478731,754,Education,2015
510,Anitta,17100000,7237222086,2880798,119,Music,2011
511,LuisFonsiVEVO,17000000,14458542078,484869,97,Music,2009
512,Jake Fellman,16800000,12463819539,9333228,409,Entertainment,2012
513,TRANS TV Official,17000000,9633261283,359707,145496,Entertainment,2014
514,El Payaso Plim Plim,17000000,16279476749,1267778,1236,Film&Animation,2013
515,Aphmau,17000000,17208018097,823667,4345,Gaming,2012
516,TheBrianMaps,17000000,4394608534,3623848,495,Comedy,2012
517,Gaby and Alex,17000000,8183230909,10078796,360,Entertainment,2012
518,Queen Official,16900000,10693536376,2629617,979,Music,2008
519,Willie Salim,17100000,3818397330,5181709,590,People&Blogs,2014
520,Marques Brownlee,16900000,3505008223,2711695,1549,Science&Technology,2008
522,Guava Juice,16900000,9074504549,304333,1909,Gaming,2006
523,EeOneGuy,16900000,3824929134,459293,366,Entertainment,2013
524,Apple,16900000,994259990,3290864,181,Science&Technology,2005
525,News18 India,16800000,6828566260,149264,172792,News&Politics,2007
526,Doggy Doggy Cartoons,16800000,6515313415,10189901,4787,Entertainment,2012
527,VICE,16800000,4550533749,545749,3860,Entertainment,2005
528,Aayu and Pihu Show,16800000,9106911452,2880299,425,Comedy,2017
529,DeGoBooM,16700000,6076607724,8001000,4451,Gaming,2014
530,DeToxoMoroxo,16700000,2299514268,471903,538,Entertainment,2012
531,IShowSpeed,16700000,1359865986,2478821,1289,Gaming,2016
532,Pop Chartbusters,16700000,8573825505,3816477,2229,Music,2011
533,Tu COSMOPOLIS,16700000,5063508115,885237,8427,People&Blogs,2014
534,Taarak Mehta Ka Ooltah Chashmah,16600000,10741939802,590798,4289,Entertainment,2014
535,Koray Zeynep,16600000,15764636537,33183704,1942,People&Blogs,2016
536,Gato Galactico | GALÃXIA,16600000,3613767046,4038736,1490,Film&Animation,2013
537,IDEAS EN 5 MINUTOS,16600000,3679896818,205786,5316,Howto&Style,2017
538,Travis Scott,16600000,7850945498,3699281,13,Music,2013
539,With Kids[ìëí¤ì¦],16600000,8762279895,904231,905,Entertainment,2012
541,Werever2morro,16600000,2795934309,1143623,973,Entertainment,2007
542,FailArmy,16500000,2950248185,5278313,421,Comedy,2011
544,Kaykai Salaider,16400000,4416455250,636164,425,Comedy,2011
545,Lahari Music - TSeries,16400000,11800372781,3716943,8846,Music,2011
546,Sandra Cires Art,16400000,3929044938,786271,1086,Howto&Style,2011
547,NMF News,16400000,7353038692,185461,109305,News&Politics,2013
548,FunFun Toy Doll TV,16400000,7358657888,2775025,733,Entertainment,2016
549,SAM SMITH,16300000,10011156508,10964683,210,Music,2012
550,RCTI - LAYAR DRAMA INDONESIA,16300000,13320918416,1012592,70215,Entertainment,2015
551,W2S,16300000,4760782142,1380754,652,Gaming,2012
552,Boyce Avenue,16300000,6530027799,361450,472,Music,2007
553,CoryxKenshin,16300000,6916841841,7172168,1689,Gaming,2009
554,Little Mix,16200000,7454257782,162665,278,Music,2011
555,SriBalajiMovies,16300000,9199712525,189303,19094,Entertainment,2011
556,JJ Olatunji,16200000,4038640434,2712036,1280,Gaming,2011
557,Bispo Bruno Leonardo,16300000,3291953717,668873,4687,Nonprofits&Activism,2016
558,Kids Play,16200000,8046033742,1659132,586,Entertainment,2018
559,BBC News Hindi,16200000,6869190290,142212,20479,News&Politics,2009
560,Ch7HD,16200000,9325166624,203582,53420,Entertainment,2010
561,GMMTV OFFICIALââ,16200000,12506502870,213138,23095,Entertainment,2010
562,ÐÐ¸Ð¼Ð° ÐÐ°ÑÐ»ÐµÐ½Ð½Ð¸ÐºÐ¾Ð²,16300000,2390793810,7767682,420,Entertainment,2014
563,Matt Stonie,16200000,3501043686,2032053,429,Entertainment,2012
564,Pitbull,16200000,12326353249,375686,345,Music,2006
565,Camila Cabello,16200000,6547073831,4995425,80,Music,2015
566,ExtraPolinesios,16200000,4799751695,965794,496,People&Blogs,2012
567,Jennifer Lopez,16100000,10115970118,204437,252,Music,2005
568,FitDance,16100000,7074598373,382928,4689,Music,2013
569,Technoblade,16100000,1630931664,4790181,989,Gaming,2013
570,AdMe,16100000,4442508976,373679,6348,Entertainment,2015
571,Bobby chourasiya,16100000,8939420087,22257925,414,People&Blogs,2019
572,Canal IN,16100000,2672780641,119871,723,People&Blogs,2017
573,Thairath Online,16100000,14285169909,306219,238512,News&Politics,2010
574,T3ddy,16100000,2938716938,762774,1890,Comedy,2012
575,LEGO,16000000,20316001909,161020,30542,Entertainment,2005
576,Jordan Matter,16000000,5524461137,10090115,405,Entertainment,2006
577,Antrax,16000000,3022438590,523775,687,Gaming,2015
578,Dyland PROS,16000000,1500374483,557212,2674,Entertainment,2015
580,POPS Kids,16000000,9375964489,1286925,3866,Music,2014
581,UFC - Ultimate Fighting Championship,16000000,6860573976,1162824,14215,Sports,2006
583,wifistudy,15900000,2997096206,174382,51167,Education,2014
584,jaanvi patel,15900000,7199368060,15967991,489,People&Blogs,2018
585,DopeLyrics,15900000,9943923998,188656,2022,Music,2016
586,Enes Batur,15900000,9747298434,1896936,1986,Gaming,2012
587,La Rosa de Guadalupe,15900000,9462223001,1675074,7718,Entertainment,2015
588,jeffreestar,15900000,2606434196,666555,433,Howto&Style,2006
590,TWICE,15900000,4915648244,180091,1097,Music,2016
591,Camilo,15800000,6709656509,382842,127,Music,2010
593,Priyal Kukreja,15700000,10061806187,3396012,723,People&Blogs,2021
594,MK MUSIC,15700000,8987669730,229990,5035,Music,2010
595,Rotten Tomatoes Trailers,15700000,13068327378,343129,10272,Film&Animation,2011
596,Danny Fitt,15700000,9123106895,1136916,2205,People&Blogs,2016
597,Lyna,15700000,6445959561,1459188,4837,Gaming,2014
598,Team Films Bhojpuri,15600000,6572617235,624500,19659,Music,2014
599,Unspeakable,15600000,8803583330,1956688,775,Gaming,2016
600,deepesh zo,15600000,6784953029,4186895,492,People&Blogs,2021
601,Daily Dose Of Internet,15600000,6147576424,5078076,594,Entertainment,2015
602,Caeli YT,15600000,1511543916,510540,551,Entertainment,2010
603,Dear Sir,15600000,1312378708,925775,610,Education,2016
604,Volga Video,15600000,9711420773,1335302,16628,Film&Animation,2012
605,Disney Junior,15600000,15297016006,1907358,3908,Entertainment,2008
606,5-Minute Crafts FAMILY,15600000,6116549086,7404583,4105,People&Blogs,2018
607,Talking Tom & Friends,15500000,6368016829,652326,406,Entertainment,2010
608,Zee Music Classic,15500000,5434110964,31175081,1480,Music,2014
609,Linus Tech Tips,15500000,7034219172,1836058,6202,Science&Technology,2008
612,Henrique e Juliano,15500000,14316506915,3961041,323,Music,2009
613,Arif muhammad,15500000,4001027378,1393289,524,People&Blogs,2017
614,Juliana Baltar,15400000,3772442011,444018,1907,Entertainment,2010
615,Blippi EspaÃ±ol,15300000,8825345068,423778,571,People&Blogs,2017
617,Roman Atwood Vlogs,15400000,5467513882,676310,1756,People&Blogs,2013
618,Ø­ÙØ±Ù Ø¥Ø¨Ø¯Ø§Ø¹ÙØ© ÙÙ 5 Ø¯ÙØ§Ø¦Ù,15400000,4443220008,750886,5042,Howto&Style,2017
619,Kerajinan 5-Menit,15400000,4709707943,170539,4057,People&Blogs,2018
620,LOKESH GAMER,15300000,1625074774,385300,1354,Gaming,2017
621,Genierock,15300000,14433470618,513141,1690,Music,2008
622,sagar kalra (Shorts),15300000,6328640100,31227034,445,People&Blogs,2017
623,zayn,15300000,4860971945,614756,14,Music,2016
624,Harsh Beniwal,15300000,1760706317,6438273,163,Comedy,2015
625,ÐÐÐÐÐ¢,15400000,1663694323,2769121,319,People&Blogs,2019
626,Mobile Legends: Bang Bang,15300000,1208181101,500368,1297,Gaming,2016
627,Salman Noman,15200000,9682990420,9097747,674,Entertainment,2013
628,Oyuncak AvÄ±,15200000,8322606280,1614873,653,Entertainment,2014
629,Dave and Ava - Nursery Rhymes and Baby Songs,15200000,10581553003,986640,824,Education,2014
630,Kuplinov âº Play,15200000,6684042020,817982,6583,Gaming,2012
632,Niana Guerrero,15200000,1475226369,566245,436,Entertainment,2013
633,FFUNTV,15100000,11308742050,9427197,379,Gaming,2018
635,NDTV India,15200000,6539313322,796880,87094,News&Politics,2008
636,Makiman131,15100000,4228416514,453513,2994,Gaming,2013
637,ÙØ§Ø´Ø§ Ù Ø§ÙØ¯Ø¨,15100000,8046768603,424489,966,Shows,2017
638,CNN,15100000,13916375665,426823,159542,News&Politics,2005
639,Musas,15100000,2392866837,595429,622,Howto&Style,2012
640,Mariale,15100000,2735489244,476200,2443,Howto&Style,2010
641,FC Barcelona,15100000,2573211390,380317,10811,Sports,2006
642,Ranz Kyle,15100000,1749514355,496032,524,People&Blogs,2008
643,Daftar Populer,15100000,2119623354,470054,3669,Education,2017
644,AdeleVEVO,15100000,12284796694,4993793,52,Music,2009
645,SRK MUSIC,15000000,6295088801,11591792,5011,Music,2012
646,DM - Desi Melodies,15000000,5707555523,30843778,66,Music,2017
647,BIGBANG,15000000,7790921334,111403,776,Music,2005
648,TheRichest,15000000,2751005650,299737,2208,Education,2014
649,Kim Loaiza,15000000,1533615276,16840434,18,Music,2019
651,League of Legends,15000000,7095872773,614338,1344,Gaming,2009
652,ABS-CBN News,15000000,10271586489,696908,189935,News&Politics,2009
653,Mazhavil Manorama,14900000,15912466369,5386195,84547,Entertainment,2011
654,Mohamed Ramadan I ÙØ­ÙØ¯ Ø±ÙØ¶Ø§Ù,14900000,5252150218,704954,745,People&Blogs,2014
655,EdisonPts,14900000,6520153798,1228670,3684,Gaming,2013
656,XpressTV,14900000,3957582127,580373,711,Entertainment,2014
657,It's Mamix,15000000,1748265264,2203899,211,People&Blogs,2017
658,ERB,14900000,4018578719,1621997,86,Entertainment,2006
659,ÐÐ¢Ð,14900000,439098,245028,1,People&Blogs,2008
660,XO TEAM,14900000,14001582804,2110403,3034,People&Blogs,2021
661,Little Angel - MÃºsicas Infantis em PortuguÃªs,14900000,8668386510,4348256,770,Entertainment,2018
662,KOMPASTV,14900000,11636625928,215137,260362,News&Politics,2013
663,Kwebbelkop,14900000,6853026818,7130685,5187,Gaming,2008
664,Kashvi Adlakha,14900000,12414468052,17171772,1455,Entertainment,2017
665,PlayStation,14900000,4672582086,3214758,19879,Gaming,2005
666,The MriDul,14900000,4369864092,7640074,104,Comedy,2015
667,ZÃ© Neto e Cristiano,14900000,11276613857,8431693,317,Music,2012
668,MNCTV OFFICIAL,14800000,7999006947,2173847,64243,Entertainment,2012
669,iTownGamePlay *Terror&DiversiÃ³n*,14800000,4954602212,382754,8306,Entertainment,2012
670,Lachlan,14800000,5234541168,2886677,3823,Gaming,2013
671,TazerCraft,14800000,5881551982,322106,4161,Gaming,2011
672,T-Series Hamaar Bhojpuri,14800000,7364037813,1867057,9765,Entertainment,2011
673,Jorge & Mateus Oficial,14800000,8918685757,712624,317,Music,2008
674,Narendra Modi,14800000,3132195290,992440,19986,News&Politics,2007
676,PowerfulJRE,14900000,2987873131,617090,993,People&Blogs,2013
677,MattyBRaps,14800000,3556682258,1295186,192,Music,2010
678,Fueled By Ramen,14800000,13260932131,350743,1207,Music,2006
679,50 Cent,14800000,9883742444,3717495,419,Music,2007
680,5-Minute Crafts Recycle,14700000,8722544166,15858572,3634,People&Blogs,2019
681,CollegeHumor,14700000,7239198455,188481,4304,Comedy,2006
682,Ð¢ÑÑÐ¼ Ð¢ÑÑÐ¼,14700000,6916144914,333193,2297,Howto&Style,2015
684,Sony LIV,14700000,7181066594,1329989,11337,Entertainment,2014
685,A2 Motivation by Arvind Arora,14700000,6007336038,124113,2304,Entertainment,2017
686,melanie martinez,14700000,4306947754,107961,126,Music,2007
687,Mrwhosetheboss,14700000,3376387562,8744532,1549,Science&Technology,2011
688,The Slow Mo Guys,14700000,2446691269,1014319,313,Entertainment,2010
689,Ø­ÙØ§Ø¦Ù ÙØ£Ø³Ø±Ø§Ø±,14700000,2226163986,916568,1375,Entertainment,2016
690,CrashCourse,14700000,1821058574,226388,1470,Education,2006
691,Canal Nostalgia,14700000,1500815270,1289580,444,Entertainment,2008
692,à¸à¹à¸­à¸8 : Thai Ch8,14700000,5610213070,990561,26468,Entertainment,2011
693,Major Lazer Official,14700000,9310182793,705291,437,Music,2009
694,THE BROWN SIBLINGS,14600000,8502572947,2817092,937,Entertainment,2016
695,Martin Garrix,14600000,5958576023,693828,358,Music,2011
696,Sony Music South,14600000,9569744553,2351755,2597,Music,2014
698,Ray William Johnson,14600000,9521598727,7757686,1694,Entertainment,2008
699,Chad Wild Clay,14600000,6695365252,1088438,689,Comedy,2006
700,Auron,14600000,3260494702,482838,922,People&Blogs,2013
701,Reaction Time,14600000,4252947644,362400,1701,Entertainment,2015
702,Planeta das GÃªmeas,14600000,4608823002,313497,945,People&Blogs,2015
703,IDEIAS INCRÃVEIS,14600000,3547570110,1092349,5303,Howto&Style,2017
705,Hear This Music,14500000,9121020442,2584441,39,Music,2016
707,Telemundo,14500000,8505486949,899904,19068,Entertainment,2007
708,Camila Loures,14500000,4611575679,950175,3880,Music,2014
709,Doc Tops,14500000,2586363993,817264,479,Entertainment,2014
710,LEGENDA FUNK,14500000,1330414668,302803,2437,Music,2013
711,Maroon5VEVO,14500000,19876048214,1894075,146,Music,2009
712,Lilly Singh,14500000,3511902692,242351,998,Comedy,2010
713,Harry Styles,14300000,5522074588,1229913,16,People&Blogs,2017
714,Aadishakti Films,14400000,6239323248,571416,4765,Music,2016
715,Drawblogs,14400000,1628196785,672810,378,Entertainment,2014
716,Ø§ÙØµØ§ÙØ© ÙØ§ÙÙÙÙ I Ø£ÙØ³ Ù Ø£ØµØ§ÙØ©,14400000,2969794989,2442405,384,Entertainment,2017
718,SelenaGomezVEVO,14400000,11277818885,15527779,186,Music,2009
719,ABC News,14400000,12741294902,152303,79702,News&Politics,2006
720,PrestonPlayz,14400000,5612634059,586757,878,Gaming,2018
721,Rosanna Pansino,14400000,4558679935,2597614,1216,Howto&Style,2010
722,StudyIQ IAS,14400000,3893755869,104350,41884,Education,2015
723,Mis Pastelitos,14400000,2660485945,1298924,582,Howto&Style,2014
724,Gyan Gamingã¤,14400000,2209465539,385950,2943,Gaming,2017
726,GMM25Thailand,14400000,9305299097,489458,65999,Entertainment,2011
727,Netflix Jr.,14400000,8676282964,54980635,1918,Education,2012
728,Saad Lamjarred | Ø³Ø¹Ø¯ ÙÙØ¬Ø±Ø¯,14400000,4258307352,5550107,159,Music,2012
729,Cyprien,14400000,3075467021,2207025,217,Comedy,2007
731,Rclbeauty101,14400000,3888113892,245761,463,Comedy,2010
732,Zig & Sharko,14300000,8941219924,174978,956,Film&Animation,2015
735,ZEE5,14300000,18319747115,3233250,99972,Entertainment,2018
736,NOBRU,14300000,329214749,443347,531,Gaming,2016
737,Rebecca Zamolo,14200000,6206295962,1020871,938,Comedy,2011
738,Indore Physical Academy,14200000,4073551821,6904427,1748,People&Blogs,2014
739,Colors Rishtey,14200000,11894487974,738374,21887,Entertainment,2013
740,SIS vs BRO,14200000,6939784014,10533882,360,Entertainment,2016
741,BBC News,14200000,4478097227,324067,18545,News&Politics,2006
742,Coke Studio,14200000,3928568655,2059537,565,Music,2014
743,Invento na Hora,14200000,4011936833,1217027,1246,Film&Animation,2014
744,ZutiGang,14100000,15198937294,6699170,1255,People&Blogs,2021
745,Chetan Monga Vlogs,14200000,9724781581,33506512,874,People&Blogs,2014
746,Wish 107.5,14100000,5946950730,1948432,1785,Music,2014
747,Trap City,14100000,5104091761,4392642,2725,Music,2012
749,ììì¼ìì´ì¼ê¸°,14100000,2243916573,4714729,425,Entertainment,2017
750,#Refugio Mental,14100000,3582399287,393758,820,Entertainment,2013
751,ÐÐ°ÑÑÐµÑÑÐºÐ°Ñ ÐÐ°ÑÑÑÐ¾ÐµÐ½Ð¸Ñ,14100000,3901861450,579774,1018,Entertainment,2013
752,Bie The Ska,14100000,4611470027,496042,1515,Entertainment,2006
753,NikkieTutorials,14100000,1727398602,4081523,870,Howto&Style,2008
754,DangMattSmith,14100000,3296389518,3055194,1667,Entertainment,2011
755,MalumaVEVO,14100000,18860651891,6299999,181,Music,2011
756,F2Freestylers - Ultimate Soccer Skills Channel,14100000,3262882637,252057,773,Sports,2011
757,RS 1313 SHORTS,14000000,7661998979,23176762,5374,Entertainment,2020
758,AM3NlC,14000000,4940065513,765254,5723,Gaming,2012
759,RubÃ©n Tuesta oficial,14000000,8679210491,5461963,876,Comedy,2016
760,Republic Bharat,14000000,6940506328,174571,85085,News&Politics,2019
761,Neha Kakkar,14000000,2044311390,3393638,149,Music,2012
762,Zee Bangla,13900000,11252980341,788657,134898,Entertainment,2008
763,ETV Jabardasth,13900000,13336729408,707445,9200,People&Blogs,2015
764,Noman Official,13900000,5350006318,12615493,522,Comedy,2019
765,TV9 Bharatvarsh,13900000,9824252999,121330,273775,People&Blogs,2018
766,TV Ana Emilia,13900000,4645257107,451771,632,People&Blogs,2014
768,E-MasterSensei,13900000,3850701892,1529931,1281,Gaming,2016
769,Darkar Company Studios,13900000,2236030740,685586,182,Film&Animation,2009
770,Narins Beauty,13900000,2208509021,2501804,430,Howto&Style,2014
771,Gallina Pintadita,13900000,9557112865,198518512,62,Music,2011
772,ILYA BORZOV,13900000,9176869135,15210942,2105,People&Blogs,2021
773,ADEL et SAMI,13900000,5424590210,50665,493,Entertainment,2018
774,Crescendo com Luluca,13800000,4991855526,1563721,1270,Entertainment,2015
775,123 GO! Spanish,13800000,4983584487,666572,486,People&Blogs,2019
776,ÐÐ¾Ð¼Ð¿Ð¾Ñ,13800000,7495982519,479856,2153,Gaming,2013
777,Lana Del Rey,13700000,6644400289,936118,43,Music,2011
778,TommyInnit,13900000,1988090962,5060186,335,Gaming,2015
779,Zee Telugu,13800000,12205437234,795144,143661,Entertainment,2008
780,T-Series Regional,13800000,5167393159,9297786,15071,Entertainment,2011
781,Alfredo Larin,13800000,11796007893,1726246,1741,Entertainment,2017
783,MoreAliA,13900000,3987649829,6099260,2273,Gaming,2013
784,Atlantic Records,13800000,12380366356,801820,1618,Music,2006
785,Yudist Ardhana,13800000,5779392245,1390214,2734,Entertainment,2016
787,FAPTV,13700000,5392233508,1504030,820,Comedy,2014
788,Jazzghost,13700000,5523127198,1003721,5441,Gaming,2012
789,JD Pantoja,13700000,1473532731,6363296,16,People&Blogs,2017
790,Jamuna TV,13700000,11859792954,82779,105538,News&Politics,2017
791,Younes Zarou,13700000,13735939590,29093890,2012,Entertainment,2021
792,Chapitosiki,13900000,12665989735,32927873,2452,Entertainment,2020
793,The Dodo,13700000,9543396540,2346202,7755,Pets&Animals,2014
794,Veritasium,13700000,2109120002,4842561,364,Education,2010
795,MAIKI021,13700000,1937651808,205373,3276,Entertainment,2008
796,Wesley SafadÃ£o,13700000,8047148323,4586758,431,Music,2009
798,karameeshchannel,13700000,8970878211,7412316,2233,Entertainment,2012
800,Lindsey Stirling,13600000,3739722297,277052,199,Music,2007
801,MyMissAnand,13600000,4913294463,522932,330,People&Blogs,2014
802,Hacksmith Industries,13600000,1681434674,7953851,841,Science&Technology,2006
803,PlayHard,13600000,2065995051,924185,2268,Gaming,2014
804,Come Play With Me,13600000,16217322377,3961013,401,Entertainment,2014
805,NishaMadhulika,13600000,2906525854,115872,2142,Howto&Style,2009
806,Wengie,13600000,1898294606,514971,460,Howto&Style,2010
807,Think Music India,13500000,10703421300,3954981,4810,Music,2009
808,ÐÐ»Ð°Ð´ Ð¸ ÐÐ¸ÐºÐ¸ÑÐ°,13600000,8254232931,233619,485,,2018
809,Saturday Night Live,13600000,14635215009,123247,8331,Entertainment,2013
810,Geo News,13500000,5471438985,144815,183146,News&Politics,2007
811,Ø£ØªØ±Ù/Atro,13500000,2409615746,713947,1877,Gaming,2017
812,ÐÐ¾Ð·Ð·Ð¸,13400000,6807260737,511359,3152,People&Blogs,2012
813,Prime Video India,13500000,8240065410,5749473,6458,Entertainment,2016
816,BBC,13500000,9621431458,2299815,15522,Pets&Animals,2005
817,Jesser,13500000,3322511530,2421978,1227,Gaming,2012
818,Desi Gamers,13500000,2098872064,512809,1315,Gaming,2015
819,SEVENGERS,13500000,9627161529,1368926,826,Comedy,2018
820,Beast Philanthropy,13500000,229420653,4736278,23,People&Blogs,2020
821,Lady Diana,13400000,8171462560,1183341,1383,Entertainment,2016
822,ê¹íë¡ KIMPRO,13400000,14671915134,1142393,1355,,2017
823,Awakening Music,13400000,5478978303,10345971,800,Music,2006
824,The Q,13400000,4275816158,1462056,297,People&Blogs,2017
825,Typical Gamer,13400000,4242762842,188182,4247,Gaming,2008
826,Anaysa,13400000,3398250853,246394,559,Howto&Style,2012
827,Conor Maynard,13400000,2736174046,421582,311,Music,2006
828,The World Adventures à¤¹à¤¿à¤¨à¥à¤¦à¥,13400000,2138000798,16464287,999,People&Blogs,2016
829,AzzyLand,13400000,6384955165,4938037,1730,Gaming,2015
830,Mythpat,13400000,2976913405,1905283,353,Entertainment,2018
831,Bayashi TV,13400000,7651130435,20350528,1110,Entertainment,2021
832,Goldmines Premiere,13400000,1919556874,3103073,877,Entertainment,2013
833,O Que NÃ£o Dizer Oficial,13400000,1879854420,7364230,650,Comedy,2015
834,Mr DegrEE,13400000,10766691886,10472629,1245,Science&Technology,2017
835,H2ODelirious,13400000,4336437496,1058301,3588,Gaming,2007
836,Alexa Rivera,13300000,2949627994,1329059,277,Howto&Style,2010
837,DALLMYD,13300000,1885632253,885633,409,Sports,2011
838,My Mate Nate,13300000,3298673663,1439366,1185,Comedy,2014
839,Matt Steffanina,13300000,3268234745,13166783,584,Entertainment,2011
840,ATHLEAN-Xâ¢,13300000,2296057886,376584,1336,Howto&Style,2006
841,BUDI01 GAMING,13300000,1148933660,1397321,306,Gaming,2019
842,GMA Integrated News,13200000,9415695273,206351,290829,News&Politics,2007
843,Codiscos,13300000,11577528715,185093,7317,Music,2007
844,theRadBrad,13300000,6022881072,1066629,8139,Gaming,2006
845,Kurt Hugo Schneider,13300000,3726667062,623333,695,Entertainment,2007
847,Dental Digest,13200000,6982006528,280665,315,People&Blogs,2020
848,VexTrex,13200000,7903652038,370294,3383,Entertainment,2014
849,jbalvinVEVO,13200000,20583355975,1234205,235,Music,2010
850,Blockbuster Movies,13200000,2738040788,3561632,651,Entertainment,2016
851,Kids Lineâ¡ã­ããºã©ã¤ã³,13200000,8851760375,14992546,2697,People&Blogs,2011
852,Ei Nerd,13200000,3528662798,165188,6012,Entertainment,2013
853,Kabita's Kitchen,13200000,2763153970,689001,1435,Howto&Style,2014
854,Trakin Tech,13200000,2194937166,755706,3583,Science&Technology,2011
855,Brawl Stars,13200000,2012127000,2712391,165,Gaming,2017
856,twenty one pilots,13100000,5181728519,602529,190,Music,2009
857,Hungria Hip Hop,13100000,4534636863,3023936,66,Music,2013
858,ÐÑÐ½Ð¾Ð¼Ð¾ÑÐ¸Ðº,13100000,6359242301,2768913,587,People&Blogs,2015
859,RedeTV,13100000,5312127711,670209,35839,Entertainment,2011
861,CookingShooking Hindi,13100000,1741591399,427014,393,People&Blogs,2017
862,penguinz0,13100000,7520189703,2657278,4501,Gaming,2007
863,The Infographics Show,13100000,5165659369,653843,4125,Education,2011
864,Vogue,13100000,4073775533,165715,3099,Entertainment,2008
865,Airrack,13100000,1969348224,6127441,169,Entertainment,2015
866,Alex Gonzaga Official,13100000,1385901047,1252117,272,People&Blogs,2017
867,Sonotek Bhakti,13100000,4036357535,423582,8027,Entertainment,2010
868,Peppa Pig em PortuguÃªs Brasil - Canal Oficial,13100000,4173310371,1585655,1321,Film&Animation,2014
869,ISSEI / ãã£ãã,13100000,12120338790,3861881,1848,Comedy,2014
870,Just For Laughs Gags,13100000,7296123248,76205,6822,Comedy,2007
871,Acenix,13200000,2044690101,1386227,344,Gaming,2014
875,Lokdhun Punjabi,13000000,4688898547,1465788,1301,Music,2010
876,Wolfoo Channel,13000000,894851883,661978,123,,2019
877,Technology Gyan,13100000,1108552798,444976,999,Science&Technology,2015
878,Woody & Kleiny,13000000,11020190294,50820245,931,Comedy,2013
879,Supercar Blondie,13100000,4713016056,29469326,804,Autos&Vehicles,2007
880,7 Minutoz,13000000,4303983971,792222,521,Music,2012
881,BanderitaX,13000000,4005103118,1253133,1625,Gaming,2013
882,Everson Zoio,13000000,1021059457,486240,625,Comedy,2009
884,Matheus Yurley,13000000,139868792,773706,69,Entertainment,2015
885,JesseAndMike,13000000,9886737020,4142389,697,Entertainment,2007
886,The LaBrant Fam,13000000,4628943660,798806,611,Comedy,2012
887,Calon Sarjana,13000000,10664585,586861,29,Entertainment,2016
889,Top Viral Talent,12900000,3615362244,1588402,1563,Entertainment,2014
890,The Shiny Peanut,12900000,2847166702,208876,2337,Education,2016
891,RaptorGamer,12900000,2829765216,1105512,1373,People&Blogs,2016
892,gymvirtual,12900000,2491059967,122119,1563,Sports,2010
893,EnriqueIglesiasVEVO,12900000,15325839497,11167756,137,Music,2009
894,åå¬å®¤å°é Ms Yeah,12900000,4278274052,3432786,434,People&Blogs,2017
895,Davie504,12900000,2646385180,736954,832,Entertainment,2011
896,WiederDude,12900000,2658812842,6603425,285,,2016
897,BIBOì ì¥ëê°,12900000,3171207197,1340365,185,Entertainment,2016
900,MrSuicideSheep,12800000,6943748431,700198,3439,Entertainment,2010
901,#RefÃºgio Mental,12800000,2697340963,743321,873,Entertainment,2013
902,BeyoncÃ©VEVO,12800000,14042166017,10872562,168,Music,2009
903,ììTwinsFromRussia,12800000,9154973891,1038360,6664,People&Blogs,2011
904,Lofi Girl,12800000,1640749784,16245572,396,Music,2015
905,BIBO Ð¸ ÐÐ³ÑÑÑÐºÐ¸,12900000,1125874305,778714,186,Entertainment,2019
906,Vijay Kumar Viner Vlogs,12800000,7769332603,33045591,1253,Entertainment,2019
907,BeatboxJCOP,13200000,7015009221,19536295,721,Film&Animation,2011
908,Troom Troom India,12800000,6771250663,514173,2318,Howto&Style,2015
909,ÐÐ°ÑÐ° ÑÐ° ÐÐµÐ´Ð¼ÑÐ´Ñ,12700000,5501578473,126965,1201,Shows,2014
910,Jass Records,12700000,5884252841,2457156,5093,Music,2014
911,Painzeiro,12800000,2469200307,3365429,1044,People&Blogs,2015
912,Rauw Alejandro,12700000,11173689429,9976166,152,Music,2014
913,Piuzinho,12700000,1075919481,480242,499,Gaming,2015
914,JULIA GISELLA,12700000,4959852702,1881335,687,Entertainment,2020
915,Sanjoy Das Official,12800000,3623294526,1460180,1746,Entertainment,2015
916,Melon City Show - Ø¨Ø±ÙØ§ÙØ¬ ÙÙØ§ÙØ© Ø¨Ø·ÙØ®,12700000,5807720255,339009,1718,Comedy,2016
917,Talking Angela,12700000,3575937432,428486275,227,Entertainment,2014
918,Adexe & Nau,12600000,4564824571,129336,591,Music,2013
920,AlArabiya Ø§ÙØ¹Ø±Ø¨ÙØ©,12600000,7352599420,267668,162635,People&Blogs,2006
921,Franco Escamilla,12600000,4146772262,1522593,2415,Comedy,2007
923,Blossom,12600000,4674573460,436306,751,Howto&Style,2017
924,Stray Kids,12600000,3060051342,738253,776,People&Blogs,2017
925,Pastor AntÃ´nio JÃºnior,12600000,2055830379,151676,4571,People&Blogs,2013
928,NickiMinajAtVEVO,12600000,8776636890,2409255,99,Music,2010
929,YoungBoy Never Broke Again,12500000,12869042623,2626674,141,Entertainment,2015
930,Health Time,12600000,1000203734,72684,1777,Howto&Style,2016
931,Ryan Trahan,12600000,2020384694,5941975,278,Entertainment,2013
932,Morgz,12500000,3183162597,14462635,815,Gaming,2014
933,CaseyNeistat,12500000,3138413261,1043191,1097,People&Blogs,2010
934,SAAIHALILINTAR,12400000,1111869313,1106778,409,Entertainment,2012
935,Parafernalha,12500000,4609867805,156624,1835,Entertainment,2011
936,Adam W,12500000,9062133616,16817461,658,Comedy,2015
937,Wolfoo Family,12500000,911151428,249701,148,,2019
938,Ja Mill,12500000,1302818088,945703,567,People&Blogs,2016
940,CKM,12400000,4438253186,24787628,116,Comedy,2018
941,Gibby :),12400000,2850418282,374801,223,People&Blogs,2014
942,elcarteldesantatv,12400000,7284300230,20155446,351,Music,2008
943,MÃ¡s SKabeche,12400000,3092154846,2158532,743,Travel&Events,2015
944,Migos ATL,12400000,6907973641,1211324,99,Music,2012
945,Pari's Lifestyle,12400000,7660874571,26449937,443,People&Blogs,2018
946,NDTV,12400000,4851814181,549523,147361,Entertainment,2006
947,Troom Troom PT,12400000,4365492072,159696,2672,Howto&Style,2015
948,Timba Vk,12400000,2800522258,1379740,989,Gaming,2012
949,LOUD,12400000,2382650268,604512,1164,Gaming,2019
950,colinfurze,12400000,1599006607,9087997,381,Entertainment,2006
951,People Vs Food,12400000,1113896647,121497,572,Entertainment,2013
952,DisneyChannelUK,12400000,12558228909,38118576,4405,Music,2007
953,TKOR,12400000,3386045948,209121,1528,Education,2010
955,Yair17,12400000,1385589361,846348,1089,Gaming,2014
956,Troom Troom Indonesia,12400000,5328826451,6008390,1834,People&Blogs,2019
957,Wave Music Bhakti,12400000,5118781925,1791980,19758,Music,2011
958,Quantum Tech HD,12400000,4246020737,289312,446,Science&Technology,2015
959,Hero Movies 2023,12300000,1680942847,1583061,623,People&Blogs,2017
960,Avril Lavigne,12300000,6127839556,970221,194,Music,2005
961,SR Toys Collection,12300000,4025826459,4630406,984,Entertainment,2012
962,Flowers Comedy,12300000,11392567010,1205372,11513,Entertainment,2015
963,Bela BagunÃ§a,12300000,2866881331,307355,1053,People&Blogs,2015
964,First We Feast,12300000,2859245063,3970394,1001,Howto&Style,2014
965,bharatzkitchen HINDI,12300000,2271753456,452389,712,Howto&Style,2016
966,Ice Cream Rolls,12300000,1591400594,233446,1869,Entertainment,2011
969,Peet Montzingo,12300000,9180113668,476117,300,People&Blogs,2014
970,DaniRep | +6 VÃ­deos Diarios De GTA 5 Online!,12300000,6840341573,345653,12263,Gaming,2012
971,Ian Boggs,12300000,8513664531,1476667,1252,Entertainment,2010
972,XOMG POP!,12300000,2610848966,1897520,178,Entertainment,2015
973,Zee Kids,12200000,7513104803,16456518,1172,Film&Animation,2012
974,Gustavo ParÃ³dias,12200000,2506376546,4615209,887,Comedy,2014
975,Right to Shiksha,12300000,7520280943,10089163,1898,Education,2020
976,Zee Tamil,12200000,11013320094,1285019,98751,Entertainment,2008
977,Susy Mouriz,12200000,5809180491,2480355,1221,Entertainment,2017
978,Make Joke Of,12200000,2086207539,5756084,59,Comedy,2017
979,GoldminesAction,12200000,1292522130,2449038,879,Film&Animation,2015
980,The Vishal bhatt,12200000,8688904253,13290061,971,Comedy,2021
981,eltrece,12200000,11888772880,90521,163703,Entertainment,2014
982,NATTI NATASHA,12200000,7913442775,1132368,197,Music,2015
983,123 GO!,12200000,4705635283,628114,532,People&Blogs,2019
984,Panda,12200000,2180623385,587480,1486,,2018
985,Kylie Jenner,12200000,789797370,1777781,155,People&Blogs,2015
986,ì¤ê¸°ìSULGI,12200000,3305707051,127106,656,People&Blogs,2012
987,Luan Santana,12100000,5679234340,8025172,394,Music,2009
988,MBC ÙØµØ±,12100000,6763533568,515833,43593,Entertainment,2012
990,POCOYÃ en ESPAÃOL - Canal Oficial,12100000,9042171657,681669,1718,Film&Animation,2007
991,Mor Haryanvi,12100000,6136830632,2382483,413,Music,2015
992,Lulu99,12100000,2275229415,656971,563,Entertainment,2015
993,Nat and Essie,12100000,7223312696,3506390,1153,Film&Animation,2015
994,ARY News,12100000,6575484290,457956,76304,News&Politics,2013
995,Wild 'N Out,12100000,4874369002,966482,1502,Entertainment,2006
996,LipaoGamer,12100000,4164652102,2133110,11501,Gaming,2011
997,Black Eyed Peas,12100000,10698945790,7786915,96,Music,2007
998,Ð¡Ð¢Ð¡,12100000,10450163034,803832,10748,People&Blogs,2007
999,RobTopGames,12000000,368308723,6082589,39,Gaming,2012
