Unnamed: 0,name,subscribers,view_count,view_mean,video_count,category,youtube_since,view_ratio,coef_subscribers_viewmean
0,T-Series,242000000,224020601249,34782385,19693,Music,2006,925.704963838843,0.050865397833699845
2,Cocomelon - Nursery Rhymes,159000000,160523008051,605958,917,Education,2006,1009.5786669874213,1.097713668156555
3,SET India,156000000,145638871329,410676,112933,Shows,2006,933.5825085192307,-0.03585656666974111
4,MrBeast,155000000,26294817807,98649236,738,Entertainment,2012,169.6439858516129,0.3682946839412337
6,â¿ Kids Diana Show,111000000,91725394141,1192865,1092,People&Blogs,2015,826.3549021711711,0.7402969231068015
7,PewDiePie,111000000,29002537431,2512577,4711,Gaming,2010,261.284121,0.1714734475140664
8,Like Nastya,105000000,89816604437,667615,794,People&Blogs,2016,855.3962327333334,0.7402969231068015
9,Vlad and Niki,97300000,75948855232,1867904,558,Entertainment,2018,780.5637742240493,0.3682946839412337
10,Zee Music Company,95200000,56702193364,2917701,8291,Music,2014,595.6112748319327,0.050865397833699845
11,WWE,95000000,76322175114,96198,68991,Sports,2007,803.3913169894737,0.15890168118858608
13,BLACKPINK,88600000,31316369572,2736089,524,People&Blogs,2016,353.4578958465011,0.7402969231068015
14,Goldmines,85300000,23457377036,251473,6007,Film&Animation,2012,274.9985584525205,0.5261173000667103
15,Sony SAB,81100000,98011756778,1338360,68870,Shows,2007,1208.5296766707768,-0.03585656666974111
16,5-Minute Crafts,79900000,26046189918,17632360,6240,Howto&Style,2016,325.98485504380477,0.024133821284519068
18,BANGTANTV,74800000,20396469973,694148,2208,Music,2012,272.68007985294116,0.050865397833699845
19,Justin Bieber,71400000,30347836580,1151663,249,Music,2007,425.0397280112045,0.050865397833699845
20,HYBE LABELS,70700000,27958963417,7525554,1241,Music,2008,395.4591713861386,0.050865397833699845
21,Zee TV,69000000,71040225517,1473085,125589,Entertainment,2005,1029.5684857536232,0.3682946839412337
22,Pinkfong Baby Shark - Kids' Songs & Stories,67300000,38109482261,57615,2769,Education,2011,566.2627379049035,1.097713668156555
23,Canal KondZilla,66500000,37489728391,585786,2555,Music,2012,563.755314150376,0.050865397833699845
24,Shemaroo Filmi Gaane,65000000,28266687676,645940,8360,Music,2010,434.8721180923077,0.050865397833699845
25,ChuChu TV Nursery Rhymes & Kids Songs,64800000,44928086588,12559328,599,Education,2013,693.3346695679012,1.097713668156555
26,Colors TV,62800000,59652313218,956312,109773,Shows,2008,949.8775990127389,-0.03585656666974111
27,T-Series Bhakti Sagar,60000000,28900294325,451167,25689,Music,2011,481.67157208333333,0.050865397833699845
28,Dude Perfect,59400000,16046422265,5053591,381,Sports,2009,270.14178897306397,0.15890168118858608
29,Movieclips,59300000,59062223379,16754,38849,Film&Animation,2006,995.9902762057336,0.5261173000667103
30,Tips Official,58400000,32730595953,1988243,4531,Music,2007,560.4554101541096,0.050865397833699845
31,Wave Music,57400000,40290445139,5074232,19367,Music,2014,701.9241313414634,0.050865397833699845
32,El Reino Infantil,57400000,56270419948,468263,1459,Music,2011,980.3209050174216,0.050865397833699845
33,Aaj Tak,56900000,24632385676,175671,266855,News&Politics,2009,432.9066023901582,-0.00793467772677302
34,Sony Music India,56800000,28446037431,1296916,3656,Music,2009,500.8105181514085,0.050865397833699845
35,EminemMusic,56400000,26617164569,1073340,140,Music,2007,471.9355420035461,0.050865397833699845
36,Marshmello,56300000,14510235957,516750,429,Entertainment,2015,257.73065642984017,0.3682946839412337
37,YRF,53700000,34467864307,643985,3621,Film&Animation,2006,641.8596705214153,0.5261173000667103
38,LooLoo Kids - Nursery Rhymes and Children's Songs,53700000,32006385788,6665278,675,Music,2014,596.0220817132216,0.050865397833699845
39,Ed Sheeran,53300000,29989600120,2256070,348,Music,2006,562.6566626641651,0.050865397833699845
40,Ariana Grande,52600000,23764980181,820462,147,Music,2007,451.80570686311785,0.050865397833699845
41,Taylor Swift,51800000,29069241210,1330595,212,Music,2006,561.1822627413128,0.050865397833699845
42,BillionSurpriseToys - English Kids Songs & Cartoon,51700000,9574889563,2349867,777,Education,2013,185.2009586653772,1.097713668156555
43,Infobells - Hindi,51500000,29540427978,15863077,556,Education,2014,573.600543262136,1.097713668156555
44,JuegaGerman,47900000,14537888702,1583224,2045,Gaming,2013,303.50498334029226,0.1714734475140664
45,Billie Eilish,47700000,13393313149,621741,54,Music,2013,280.7822463102725,0.050865397833699845
46,Badabun,46700000,19335428358,4304914,17750,Entertainment,2014,414.0348684796574,0.3682946839412337
47,Shemaroo,46400000,22058707080,675307,11080,Entertainment,2007,475.4031698275862,0.3682946839412337
48,Get Movies,46400000,30375500140,336288,3272,Entertainment,2006,654.6443995689655,0.3682946839412337
49,SonyMusicIndiaVEVO,46000000,26730373898,415540,3386,Music,2009,581.0950847391305,0.050865397833699845
50,Fernanfloo,45900000,10273268142,3777894,543,Gaming,2011,223.81847803921568,0.1714734475140664
51,Bad Bunny,45900000,30040599241,33328239,130,Music,2014,654.4792862962963,0.050865397833699845
52,A4,45500000,22186608439,8357528,758,Gaming,2014,487.6177678901099,0.1714734475140664
53,Felipe Neto,45000000,16450334457,758835,4231,Entertainment,2006,365.5629879333333,0.3682946839412337
54,Voot Kids,44600000,20914468455,279052,4415,Entertainment,2016,468.93427029147983,0.3682946839412337
55,BRIGHT SIDE,44500000,10670205203,29473,5892,Howto&Style,2017,239.7798922022472,0.024133821284519068
56,VocÃª Sabia?,44500000,7771623704,321922,1519,Entertainment,2013,174.6432293033708,0.3682946839412337
57,Katy Perry,44100000,25232952982,676951,122,Music,2008,572.1758045804988,0.050865397833699845
58,whinderssonnunes,44100000,4235926598,1057617,530,Comedy,2013,96.05275732426304,0.6820464845369754
59,ABS-CBN Entertainment,43700000,49913719449,1135007,190182,People&Blogs,2008,1142.1903764073227,0.7402969231068015
61,Alan Walker,43300000,12696337204,2223452,392,Music,2012,293.2179492840647,0.050865397833699845
62,Shakira,42600000,27014661576,20662412,315,People&Blogs,2005,634.1469853521127,0.7402969231068015
63,ÐÐ°ÑÐ° Ð¸ ÐÐµÐ´Ð²ÐµÐ´Ñ,42600000,36024571736,335568,1416,Film&Animation,2011,845.6472238497653,0.5261173000667103
64,Speed Records,42300000,26534462432,2619315,10844,Music,2012,627.2922560756501,0.050865397833699845
65,Like Nastya Show,42300000,19446680203,870803,603,Entertainment,2017,459.7323925059102,0.3682946839412337
66,HAR PAL GEO,41800000,38362753853,9203159,94550,Entertainment,2008,917.7692309330143,0.3682946839412337
67,ARY Digital HD,41800000,36166225890,1283336,102696,Entertainment,2016,865.2207150717703,0.3682946839412337
69,Masha and The Bear,40800000,23629767202,386316,1152,Shows,2014,579.1609608333333,-0.03585656666974111
70,Ishtar Music,40800000,17268210376,5480349,4606,Trailers,2005,423.24045039215684,0.0
71,Kimberly Loaiza,40700000,5401982774,6610517,280,People&Blogs,2016,132.7268494840295,0.7402969231068015
72,Little Baby Bum - Nursery Rhymes & Kids Songs,40800000,39271007609,118876,2387,Education,2011,962.5246962990196,1.097713668156555
73,Luisito Comunica,40400000,8527426368,3413596,1253,Comedy,2012,211.0749100990099,0.6820464845369754
74,elrubiusOMG,40400000,7643446738,3175723,713,Gaming,2011,189.19422618811882,0.1714734475140664
75,Toys and Colors,39400000,46171493860,212064,964,Entertainment,2016,1171.865326395939,0.3682946839412337
76,shfa2 - Ø´ÙØ§,39200000,23506153520,129246814,1547,People&Blogs,2017,599.6467734693878,0.7402969231068015
77,LUCCAS NETO - LUCCAS TOON,39100000,22027494184,75484,2232,People&Blogs,2014,563.3630226086957,0.7402969231068015
78,XXXTENTACION,39000000,10415721736,383920,132,Music,2015,267.0697881025641,0.050865397833699845
79,WorkpointOfficial,38800000,35839859233,331081,71087,Entertainment,2012,923.7077121907216,0.3682946839412337
80,GR6 EXPLODE,38700000,25564564961,6022772,4190,Music,2014,660.5830739276486,0.050865397833699845
81,CarryMinati,38500000,3224076232,13139380,182,Comedy,2014,83.7422397922078,0.6820464845369754
82,Super Simple Songs - Kids Songs,38400000,43645963144,1043679,715,Education,2006,1136.6136235416666,1.097713668156555
83,TEDx Talks,38300000,7274441287,43053,197852,Nonprofits&Activism,2009,189.93319287206268,0.0
84,TheEllenShow,38200000,22699688458,1401219,15531,Entertainment,2006,594.2326821465969,0.3682946839412337
85,shfa,38100000,21188400752,8135778,973,People&Blogs,2015,556.1260039895013,0.7402969231068015
87,Daddy Yankee,37800000,22423800226,5280639,491,Music,2011,593.2222282010582,0.050865397833699845
88,Goldmines Gaane Sune Ansune,37700000,15778865640,1025170,3492,Music,2015,418.537550132626,0.050865397833699845
89,Mikecrack,37600000,15785228148,1949833,1830,Gaming,2015,419.8198975531915,0.1714734475140664
90,Sony PAL,37300000,27784561655,1050183,23502,Shows,2014,744.8944143431636,-0.03585656666974111
91,Jkk Entertainment,37200000,16268017460,10957759,215,Comedy,2017,437.31229731182793,0.6820464845369754
92,Vlad vÃ  Niki,37100000,22945961111,207328,494,,2018,618.4895178167116,0.0
93,à¸à¹à¸­à¸ one31,37100000,26933879473,72633,112692,Entertainment,2013,725.980578787062,0.3682946839412337
95,Maria Clara & JP,36600000,23800571763,3208983,730,People&Blogs,2015,650.2888459836065,0.7402969231068015
96,ABP NEWS,36500000,12743352287,388612,284400,People&Blogs,2012,349.13293936986304,0.7402969231068015
97,Maroon 5,36500000,22272418786,67630670,168,Music,2006,610.203254410959,0.050865397833699845
98,Bruno Mars,36500000,19112765325,985668,99,Music,2006,523.6374061643836,0.050865397833699845
100,Ultra Bollywood,36300000,15680832943,2045022,9076,Trailers,2009,431.97886895316805,0.0
101,Ozuna,36100000,23057917052,3738796,188,Music,2016,638.7234640443213,0.050865397833699845
102,PowerKids TV,35800000,18471683961,72820,4969,Film&Animation,2014,515.968825726257,0.5261173000667103
103,YouTube,35800000,2993107142,4371939,723,News&Politics,1970,83.60634474860335,-0.00793467772677302
104,La Granja de ZenÃ³n,35100000,26644721711,200145550,639,Music,2013,759.1088806552707,0.050865397833699845
105,Total Gaming,35000000,5472602728,870347,1184,Gaming,2018,156.36007794285715,0.1714734475140664
106,IndiaTV,34900000,15771353002,57407,266852,News&Politics,2006,451.9012321489971,-0.00793467772677302
107,Markiplier,34900000,20031247787,2599241,5456,Gaming,2012,573.9612546418338,0.1714734475140664
108,Ryan's World,34800000,54862595252,413570,2399,Entertainment,2015,1576.511357816092,0.3682946839412337
109,Bollywood Classics,34500000,21955690322,58686729,1991,Music,2012,636.3968209275363,0.050865397833699845
110,T-Series Apna Punjab,34300000,20960876048,8259819,7543,Music,2011,611.1042579591837,0.050865397833699845
111,Genevieve's Playhouse - Learning Videos for Kids,33800000,24623159704,38040915,609,Education,2016,728.4958492307692,1.097713668156555
112,Geet MP3,34100000,12574600105,1401476,646,Music,2016,368.7566013196481,0.050865397833699845
113,J Balvin,34000000,22781994918,395172,140,Music,2011,670.0586740588235,0.050865397833699845
114,Saregama Music,33900000,14778005488,16680439,7367,Entertainment,2013,435.9293654277286,0.3682946839412337
115,VEGETTA777,33800000,15368337102,559838,7524,Gaming,2008,454.68452964497044,0.1714734475140664
116,Desi Music Factory,33700000,10113435871,3670478,130,Music,2014,300.1019546290801,0.050865397833699845
117,Galinha Pintadinha,33500000,26632979718,805529865,65,Film&Animation,2006,795.0143199402985,0.5261173000667103
118,SSSniperWolf,33500000,23144270149,756197,3297,Gaming,2013,690.8737357910447,0.1714734475140664
119,Techno Gamerz,33500000,9395996665,3736579,933,Gaming,2017,280.4775123880597,0.1714734475140664
120,KHANDESHI MOVIES,33400000,11355578626,5066640,212,Comedy,2013,339.9873840119761,0.6820464845369754
121,Selena Gomez,33400000,12804532861,886964,188,Film&Animation,2008,383.36924733532936,0.5261173000667103
122,NoCopyrightSounds,33300000,10442413583,325724,1298,Music,2011,313.5859934834835,0.050865397833699845
123,Ch3Thailand,33200000,29307952472,67254,94022,Entertainment,2014,882.7696527710843,0.3682946839412337
124,CVS 3D Rhymes & Kids Songs,33100000,20077711451,544941851,338,Education,2008,606.5773852265861,1.097713668156555
126,Rajshri,32900000,14510271430,3049112,3614,Music,2006,441.04168480243163,0.050865397833699845
127,MrBeast Gaming,32500000,5717138854,14578158,139,Gaming,2020,175.91196473846153,0.1714734475140664
128,BabyBus - Kids Songs and Cartoons,32500000,26160096710,95289,2070,Education,2016,804.9260526153846,1.097713668156555
129,Eros Now Music,32500000,17694383601,445224,9862,Entertainment,2007,544.4425723384616,0.3682946839412337
130,DisneyMusicVEVO,32300000,28016267490,1692917,2031,Music,2010,867.3767024767802,0.050865397833699845
131,The Weeknd,32200000,22715574783,507944,136,Music,2011,705.4526330124223,0.050865397833699845
132,Ricis Official,32200000,5875557361,629792,2562,People&Blogs,2016,182.4707254968944,0.7402969231068015
133,rezendeevil,32000000,12999274006,3233126,11839,Gaming,2012,406.2273126875,0.1714734475140664
134,Mr Bean,31900000,10501448905,148447,3012,Shows,2006,329.19902523510973,-0.03585656666974111
135,GENIAL,31800000,6718451861,484735,6474,Howto&Style,2017,211.27207110062892,0.024133821284519068
136,SMTOWN,31700000,27012468998,23037590,4124,Music,2006,852.1283595583596,0.050865397833699845
137,JustinBieberVEVO,31600000,26399292531,659507,204,Music,2009,835.4206497151898,0.050865397833699845
138,KAROL G,31500000,17901306996,1068016,130,Music,2013,568.2954601904762,0.050865397833699845
139,Dream,31500000,2941619217,12796549,116,Gaming,2014,93.38473704761904,0.1714734475140664
141,Worldwide Records Bhojpuri,31400000,16259055327,629624,6361,Music,2012,517.8043097770701,0.050865397833699845
143,WowKidz,31300000,16649625121,135913,4130,Film&Animation,2015,531.9369048242811,0.5261173000667103
144,GMA  Network,31100000,18249642358,1151680,84739,Entertainment,2006,586.8052205144694,0.3682946839412337
145,MR. INDIAN HACKER,31100000,5579729272,4576400,914,Science&Technology,2012,179.41251678456592,0.40317098133125906
146,The Tonight Show Starring Jimmy Fallon,31100000,17068223466,105556,8930,Comedy,2006,548.8174747909968,0.6820464845369754
147,Lucas and Marcus,30900000,11079583776,3448617,1237,Entertainment,2011,358.56258174757284,0.3682946839412337
148,Peppa Pig - Official Channel,30800000,22499393068,74081,3153,Film&Animation,2013,730.4997749350649,0.5261173000667103
149,ImagineDragons,30500000,16503182529,312887,87,Music,2009,541.0879517704918,0.050865397833699845
150,Trap Nation,30400000,13952741649,343629,2685,Music,2012,458.97176476973686,0.050865397833699845
151,AH,30300000,4293298018,1765073,2115,Entertainment,2014,141.69300389438945,0.3682946839412337
154,TheDonato,30200000,6014247429,1722648,2932,Entertainment,2015,199.14726586092715,0.3682946839412337
155,Round2hell,30200000,3089406439,25248803,67,Comedy,2016,102.29822645695364,0.6820464845369754
156,StarPlus,29800000,24635162341,563973,38293,Entertainment,2006,826.6833000335571,0.3682946839412337
157,Zee News,30000000,16213756629,435572,173839,News&Politics,2007,540.4585543,-0.00793467772677302
158,Little Angel: Nursery Rhymes & Kids Songs,30000000,22297259817,221153,1294,Education,2015,743.2419939,1.097713668156555
159,Spinnin' Records,30000000,21079270710,282908,11340,Music,2007,702.642357,0.050865397833699845
160,ÙÙØ§Ø© Ø·ÙÙØ± Ø§ÙØ¬ÙØ© | toyoraljanahtv,30000000,27422415683,443243,3233,Entertainment,2008,914.0805227666667,0.3682946839412337
162,Talking Tom,30000000,15052645302,1253468,510,Comedy,2010,501.7548434,0.6820464845369754
164,Shawn Mendes,29900000,12675848814,875052,133,Music,2011,423.9414319063545,0.050865397833699845
165,jacksepticeye,29700000,16159258237,3093600,5108,Gaming,2007,544.0827689225589,0.1714734475140664
166,ashish chanchlani vines,29600000,4415589461,16792737,151,Comedy,2009,149.1753196283784,0.6820464845369754
167,Ultra Records,29500000,17083090297,91608,4849,Music,2006,579.0878066779661,0.050865397833699845
169,Maluma,29200000,21004661218,458143,24,Music,2018,719.3377129452055,0.050865397833699845
170,AuronPlay,29200000,4063754634,3095182,404,Comedy,2006,139.16967924657536,0.6820464845369754
171,AboFlah,29100000,4293787085,7333524,624,Gaming,2016,147.552820790378,0.1714734475140664
172,infobells - Tamil,28700000,17764332286,102037463,537,Education,2014,618.9662817421603,1.097713668156555
173,BETER BÃCÃK,28700000,16706329760,478604,2353,,2012,582.1020822299652,0.0
174,The Late Late Show with James Corden,28400000,10218100065,2870779,5895,Entertainment,2006,359.79225580985917,0.3682946839412337
175,YOLO AVENTURAS,28700000,8684226924,3085243,1553,People&Blogs,2018,302.58630397212545,0.7402969231068015
176,Aditya Music India,28200000,25485253714,2515144,21422,Music,2008,903.7324012056738,0.050865397833699845
177,Enaldinho,27900000,11084679547,1136213,3527,Comedy,2012,397.3003421863799,0.6820464845369754
178,Drake,28000000,15008192921,5307951,58,Music,2009,536.0068900357143,0.050865397833699845
180,Aditya Movies,27800000,9768078332,16693908,5251,Movies,2012,351.36972417266185,0.0
181,Bounce Patrol - Kids Songs,27800000,20786783066,653431529,270,Music,2013,747.7260095683454,0.050865397833699845
182,Frost Diamond,27500000,6657280616,16488938,2667,Gaming,2014,242.0829314909091,0.1714734475140664
183,infobells - Telugu,27700000,14557231115,41378230,489,Education,2014,525.5318092057762,1.097713668156555
184,Sandeep Maheshwari,27600000,2253188266,1319032,568,People&Blogs,2012,81.63725601449275,0.7402969231068015
185,Goldmines Dishoom,27500000,8462842808,3760594,3760,Film&Animation,2016,307.73973847272725,0.5261173000667103
186,Masha y el Oso,27400000,13057439279,557814,1054,Film&Animation,2016,476.54887879562045,0.5261173000667103
187,Zhong,27500000,14136696046,7523373,1432,Entertainment,2015,514.0616744,0.3682946839412337
188,Shemaroo Movies,27500000,7343463605,191848,2853,Entertainment,2011,267.0350401818182,0.3682946839412337
189,Wiz Khalifa,27400000,13236158494,16288878,664,Music,2008,483.0714778832117,0.050865397833699845
190,toycantando,27400000,15468916179,441745,576,Music,2009,564.5589846350365,0.050865397833699845
191,HUM TV,27000000,22836212872,782696,101169,Entertainment,2011,845.785661925926,0.3682946839412337
192,Nick Jr.,27000000,22190890718,100710,5329,Film&Animation,2012,821.8848414074074,0.5261173000667103
193,ToyPuddingTV,27100000,15862848154,74760647,2437,Entertainment,2014,585.3449503321033,0.3682946839412337
194,JYP Entertainment,27000000,19468696854,2139256,1693,Music,2008,721.0628464444444,0.050865397833699845
195,â Kids Roma Show,26900000,10052903767,1840463,634,People&Blogs,2015,373.71389468401486,0.7402969231068015
196,Jess No Limit,27000000,3351922767,1206694,2030,Entertainment,2017,124.14528766666666,0.3682946839412337
197,DanTDM,26900000,19284336552,11281651,3656,Gaming,2012,716.8898346468402,0.1714734475140664
198,Crazy XYZ,26900000,7518248392,2991506,1233,Entertainment,2017,279.48878780669145,0.3682946839412337
199,Renato Garcia YT,26700000,7806918439,905243,3864,Entertainment,2011,292.39394902621723,0.3682946839412337
200,enchufetv,26700000,10292409745,825088,948,Comedy,2011,385.48351104868914,0.6820464845369754
201,Brent Rivera,26400000,6336498248,10782856,542,Comedy,2009,240.01887303030304,0.6820464845369754
202,Netflix,26400000,6923011091,2684549,6344,Entertainment,2012,262.2352685984848,0.3682946839412337
203,WORLDSTARHIPHOP,26400000,20234388656,173860,6826,Music,2008,766.4541157575758,0.050865397833699845
204,BB Ki Vines,26200000,4719241758,11252692,190,Entertainment,2015,180.12373122137404,0.3682946839412337
205,Raffy Tulfo in Action,26200000,14837393397,333828,9826,News&Politics,2016,566.3127250763358,-0.00793467772677302
206,Shorts Break,26100000,17591975147,10948386,425,Comedy,2021,674.0220362835249,0.6820464845369754
207,1MILLION Dance Studio,26000000,7822252774,573654,5467,Entertainment,2015,300.85587592307695,0.3682946839412337
208,BeyoncÃ©,25900000,17167555888,786875,238,Music,2005,662.8399956756757,0.050865397833699845
209,D Billions,25900000,31098676996,198571,718,,2019,1200.7211195366795,0.0
210,MarÃ­lia MendonÃ§a,25900000,18345546272,2377343,125,Music,2013,708.3222498841699,0.050865397833699845
211,VanossGaming,25800000,15454006925,442271,1729,Gaming,2011,598.9925164728683,0.1714734475140664
212,Goldmines Bollywood,25800000,8438010092,1660380,3444,Film&Animation,2015,327.0546547286822,0.5261173000667103
213,LosPolinesios,25700000,7422909284,1503690,967,People&Blogs,2012,288.82915501945524,0.7402969231068015
214,TaylorSwiftVEVO,25700000,25169065454,16069898,264,Music,2009,979.3410682490272,0.050865397833699845
215,David Guetta,25500000,17528551489,9352343,734,Music,2009,687.3941760392157,0.050865397833699845
216,Nicki Minaj,25500000,10098343068,2215427,41,Music,2013,396.01345364705884,0.050865397833699845
217,Dushyant kukreja,25200000,16264123131,4437713,837,Entertainment,2015,645.401711547619,0.3682946839412337
218,Post Malone,25200000,14075494599,709535,72,Music,2011,558.5513729761905,0.050865397833699845
219,ZHC,25400000,2646354926,9735684,310,Film&Animation,2013,104.18720181102363,0.5261173000667103
220,Rans Entertainment,25100000,6335058567,2191858,3617,People&Blogs,2015,252.3927715936255,0.7402969231068015
221,Chris Brown,25100000,15306024829,765602,28,Music,2006,609.8017860159363,0.050865397833699845
222,WatchMojo.com,25100000,16270855375,60374,24421,Music,2007,648.24125,0.050865397833699845
224,RihannaVEVO,25100000,19302397258,70644905,118,Music,2009,769.0198110756972,0.050865397833699845
225,Gulshan Kalra,25000000,11931964002,11685396,526,Howto&Style,2018,477.27856008,0.024133821284519068
226,Coldplay,25000000,17010828645,1620571,388,Music,2010,680.4331458,0.050865397833699845
227,Indosiar,25000000,11600710527,494306,65573,Music,2013,464.02842108,0.050865397833699845
228,Smosh,25000000,10341770968,397504,1577,Comedy,2005,413.67083872,0.6820464845369754
229,TRANS7 OFFICIAL,24800000,13955791505,59577,87422,Entertainment,2014,562.7335284274194,0.3682946839412337
230,LankyBox,24700000,33122589391,4907677,8155,Comedy,2016,1340.995521902834,0.6820464845369754
231,Yuya,24800000,2587990308,1798679,672,Howto&Style,2009,104.3544479032258,0.024133821284519068
232,EminemVEVO,24800000,20298506449,907102,104,Music,2009,818.488163266129,0.050865397833699845
233,WB Kids,24700000,10780612396,813877,1981,People&Blogs,2015,436.46204032388664,0.7402969231068015
234,Beast Reacts,25000000,4034092372,9510273,241,People&Blogs,2016,161.36369488,0.7402969231068015
235,ABPLIVE,24700000,7724735681,1300980,175966,People&Blogs,2017,312.7423352631579,0.7402969231068015
236,KatyPerryVEVO,24700000,23613607058,822131,173,Music,2009,956.0164800809716,0.050865397833699845
237,The Lallantop,24700000,9989814589,581697,49031,News&Politics,2015,404.4459347773279,-0.00793467772677302
238,Anuel AA,24600000,14375383841,22104237,145,Music,2016,584.3651967886179,0.050865397833699845
239,Alan Chikin Chow,24600000,25486070433,33369543,801,Comedy,2020,1036.019123292683,0.6820464845369754
240,Chloe Ting,24600000,2957075598,385524,404,Howto&Style,2011,120.20632512195122,0.024133821284519068
241,1theK (ìëì¼ì´),24500000,23797187757,1231713,18253,Music,2011,971.313786,0.050865397833699845
242,Junya.ãããã,24300000,14934696016,2830381,5247,Entertainment,2020,614.5965438683128,0.3682946839412337
243,Amit Bhadana,24400000,2369314917,3426866,101,Entertainment,2012,97.10307036885246,0.3682946839412337
244,MrBeast 2,24800000,4128185559,38643361,115,People&Blogs,2020,166.45909512096773,0.7402969231068015
245,NichLmao,24300000,13187153717,5099122,815,People&Blogs,2018,542.6812229218107,0.7402969231068015
246,Super JoJo - Nursery Rhymes & Kids Songs,24200000,921572,432420,31,,2019,0.038081487603305784,0.0
247,DJ Snake,24100000,8326243160,606530,239,Music,2008,345.48726804979253,0.050865397833699845
248,KSI,24100000,5990717921,1551586,1252,Entertainment,2009,248.5775070954357,0.3682946839412337
250,MrBeast en EspaÃ±ol,24000000,2645059758,9898029,67,Entertainment,2021,110.21082325,0.3682946839412337
251,Mark Rober,24000000,3440756259,12463496,114,Science&Technology,2011,143.364844125,0.40317098133125906
252,Pen Movies,23900000,6475830673,11342243,1662,Film&Animation,2014,270.95525828451883,0.5261173000667103
253,netd mÃ¼zik,23900000,55410619526,2611623,22909,Music,2014,2318.435963430962,0.050865397833699845
254,Collins Key,23900000,6564535692,2761744,257,Entertainment,2011,274.6667653556485,0.3682946839412337
255,Dan Rhodes,23900000,16788390150,73145167,1634,Entertainment,2015,702.4431025104602,0.3682946839412337
258,James Charles,23800000,3975812532,2735400,486,Entertainment,2015,167.05094672268908,0.3682946839412337
259,America's Got Talent,23700000,3253048059,3965406,1801,Entertainment,2006,137.2594117721519,0.3682946839412337
260,Ninja,23700000,2530290533,339806,1671,Gaming,2011,106.76331362869199,0.1714734475140664
261,Mister Max,23700000,15451468370,1014976,1091,People&Blogs,2014,651.9606907172996,0.7402969231068015
262,Troom Troom,23700000,10298283023,148853,2325,Howto&Style,2015,434.5267098312236,0.024133821284519068
263,Enrique Iglesias,23700000,17469719296,217310,439,Music,2007,737.1189576371308,0.050865397833699845
264,Preston,23700000,8051082297,5539466,3982,Gaming,2012,339.70811379746834,0.1714734475140664
265,Venus Entertainment,23600000,5563640165,1495341,1886,Entertainment,2010,235.74746461864407,0.3682946839412337
266,Logan Paul,23600000,5982334363,2965269,718,Entertainment,2015,253.48874419491526,0.3682946839412337
267,Goldmines Movies,23600000,5528739904,26758011,4723,Film&Animation,2013,234.26864,0.5261173000667103
268,NickyJamTV,23500000,15777667568,2293302,377,Music,2012,671.3901092765957,0.050865397833699845
269,Jelly,23500000,14709863235,541158,6004,Gaming,2014,625.9516270212766,0.1714734475140664
270,FaZe Rug,23500000,7257412191,2787660,2140,Gaming,2012,308.82605068085104,0.1714734475140664
272,Peppa Pig EspaÃ±ol Latino - Canal Oficial,23400000,7835563400,1367345,1200,Film&Animation,2014,334.8531367521368,0.5261173000667103
273,Miss Katy,23400000,14589950134,551102,1034,People&Blogs,2014,623.5021424786324,0.7402969231068015
274,Sesame Street,23300000,22274502780,568356,3626,Entertainment,2006,955.987243776824,0.3682946839412337
276,Juan De Dios Pantoja,23300000,2065123921,4751023,218,Entertainment,2014,88.63192793991416,0.3682946839412337
277,Valentina Pontes ofc,23300000,7875321396,43744309,1276,Film&Animation,2014,337.9966264377682,0.5261173000667103
279,Lady Gaga,23100000,15492787036,533022,172,People&Blogs,2008,670.6834214718615,0.7402969231068015
280,Alejo Igoa,23100000,10308989899,4770428,762,Comedy,2014,446.276619004329,0.6820464845369754
281,GMM GRAMMY OFFICIAL,23000000,25385738038,721230,15158,Music,2010,1103.7277407826086,0.050865397833699845
283,DrossRotzank,22900000,5987974278,998830,1583,Entertainment,2006,261.4835929257642,0.3682946839412337
284,Technical Guruji,23000000,3346220406,872241,4972,Science&Technology,2015,145.48784373913043,0.40317098133125906
285,TED,22900000,2528511666,4033917,4399,People&Blogs,2006,110.41535659388646,0.7402969231068015
286,PANDA BOI,22400000,14653107165,71125152,906,Entertainment,2020,654.1565698660714,0.3682946839412337
287,Wave Music Bhojpuri,22900000,12804053058,73445758,22345,Music,2014,559.1289544978166,0.050865397833699845
288,White Hill Music,22800000,10782284086,3274412,5600,Entertainment,2014,472.90719675438595,0.3682946839412337
289,Spider Slack,22600000,13010378655,18534744,823,Comedy,2020,575.680471460177,0.6820464845369754
290,Daniel LaBelle,22700000,12174819269,29253181,277,Comedy,2009,536.33565061674,0.6820464845369754
291,BabyBus - Canciones Infantiles & Videos para NiÃ±os,22700000,13038912679,2753322,1204,Education,2018,574.4014396035242,1.097713668156555
292,The Chainsmokers,22500000,14081130529,375382,174,Music,2012,625.8280235111112,0.050865397833699845
293,mmoshaya,22500000,17385379883,3999939,1183,People&Blogs,2010,772.6835503555556,0.7402969231068015
294,Like Nastya PRT,22500000,11409108098,2674537,636,Entertainment,2019,507.0714710222222,0.3682946839412337
295,Ultra Movie Parlour,22500000,5388042173,3984356,1586,Movies,2011,239.4685410222222,0.0
296,Sia,22500000,13231436497,325064,171,Music,2007,588.0638443111111,0.050865397833699845
297,toyorbabytv,22300000,15936289579,22803295,1138,Music,2012,714.6318196860987,0.050865397833699845
299,Paulo Londra,22300000,7929711798,2586841,58,Music,2016,355.59245730941706,0.050865397833699845
300,Goldmines Cineplex,22300000,2359288681,1867980,3262,Film&Animation,2015,105.79769869955157,0.5261173000667103
301,Smile Family,22300000,8619914110,14452020,495,People&Blogs,2018,386.543233632287,0.7402969231068015
302,Tilak,22100000,8969902843,749210,5964,Film&Animation,2020,405.8779566968326,0.5261173000667103
303,Kids TV - Nursery Rhymes And Baby Songs,22100000,12951614329,687442,3736,Shows,2013,586.045897239819,-0.03585656666974111
304,SSundee,22200000,13552710736,830890,3275,Gaming,2009,610.4824655855856,0.1714734475140664
305,Alan Becker,22200000,5173199641,8100062,155,Film&Animation,2006,233.02701085585585,0.5261173000667103
306,Vania Mania Kids,22000000,9615203769,173642,964,People&Blogs,2015,437.05471677272726,0.7402969231068015
307,FGTeeV,22000000,23827000846,289334,1706,Gaming,2013,1083.045493,0.1714734475140664
308,Sun TV,22000000,19737796464,535695,55322,People&Blogs,2016,897.1725665454545,0.7402969231068015
309,That Little Puff,22000000,19100600776,9262799,735,Pets&Animals,2020,868.2091261818182,0.0
310,Charlie Puth,21900000,9751305188,4906864,152,Music,2009,445.26507707762556,0.050865397833699845
311,Kinder Spielzeug Kanal (Kidibli),21800000,10913339548,16092103,960,Entertainment,2015,500.61190587155966,0.3682946839412337
312,OneDirectionVEVO,21800000,12061792661,2542180,266,Music,2010,553.2932413302752,0.050865397833699845
313,Disney LatinoamÃ©rica,21700000,20472969392,74273,8082,Entertainment,2007,943.4548106912442,0.3682946839412337
314,Tsuriki Show,21400000,29779601940,13837578,2648,Entertainment,2019,1391.5701841121495,0.3682946839412337
316,National Geographic,21600000,5549356120,546796,10106,Science&Technology,2006,256.9146351851852,0.40317098133125906
317,Dua Lipa,21600000,11045300122,2054373,163,Music,2011,511.3564871296296,0.050865397833699845
318,unknown boy varun,21800000,8723101348,6699676,410,Music,2016,400.1422636697248,0.050865397833699845
319,Netflix India,21400000,7350895949,6010474,3441,People&Blogs,2016,343.4998107009346,0.7402969231068015
320,Eva Bravo Play,21500000,9194732224,343445,216,Entertainment,2019,427.6619639069767,0.3682946839412337
321,Rotana,21500000,18825808379,3250365,8339,Music,2012,875.618994372093,0.050865397833699845
322,Tlnovelas,21200000,14683610893,913555,37764,News&Politics,2013,692.6231553301886,-0.00793467772677302
323,Becky G,21200000,10473715647,3185486,78,Music,2011,494.0431908962264,0.050865397833699845
324,Tekashi 6ix9ine,21100000,5737070924,11079327,34,People&Blogs,2018,271.89909592417064,0.7402969231068015
325,Baim Paula,21100000,4481647112,269794,2254,People&Blogs,2016,212.40033706161137,0.7402969231068015
326,Tasty,21100000,5724904846,5317930,4630,Howto&Style,2016,271.32250454976304,0.024133821284519068
327,Vlad and Niki ESP,21100000,8142491340,462932,496,,2018,385.900063507109,0.0
328,nigahiga,21100000,4377268639,642624,403,Entertainment,2006,207.45349,0.3682946839412337
329,DUDU e CAROL,21100000,9273545856,46064240,2934,Autos&Vehicles,2013,439.5045429383886,0.0
330,Village Cooking Channel,21000000,5579812550,5304623,213,Howto&Style,2018,265.70535952380953,0.024133821284519068
331,Zach Choi ASMR,21000000,5464430824,2643174,869,People&Blogs,2014,260.2109916190476,0.7402969231068015
332,GMA Public  Affairs,21000000,11125462898,776644,30391,Entertainment,2009,529.7839475238095,0.3682946839412337
333,Sourav Joshi Vlogs,20900000,8875359585,4804414,1327,People&Blogs,2019,424.6583533492823,0.7402969231068015
334,Infinite,21000000,5028293758,4280853,1594,Entertainment,2014,239.4425599047619,0.3682946839412337
335,The Royalty Family,20800000,6005965969,3610840,720,People&Blogs,2017,288.74836389423075,0.7402969231068015
336,invictor,20900000,8215171206,1565591,2239,Gaming,2013,393.07039263157895,0.1714734475140664
337,Fede Vigevani,20900000,7088019989,5645883,1034,Howto&Style,2009,339.1397123923445,0.024133821284519068
338,Ben Azelart,20900000,4099556966,12291576,286,Film&Animation,2014,196.15105100478468,0.5261173000667103
339,Brave Wilderness,20800000,4909466491,664329,982,Pets&Animals,2014,236.03204283653847,0.0
340,Khan GS Research Centre,20800000,2027122165,2609351,359,Education,2019,97.45779639423077,1.097713668156555
341,Lyrical Lemonade,20800000,10500471709,12449268,417,Entertainment,2013,504.830370625,0.3682946839412337
342,Canal Canalha,20800000,1842203043,1522435,287,Comedy,2011,88.56745399038462,0.6820464845369754
343,Dr. Vivek Bindra: Motivational Speaker,20800000,1668224512,488801,843,Education,2013,80.20310153846154,1.097713668156555
344,Fatos Desconhecidos,20700000,3746858714,2931560,6105,Entertainment,2013,181.00766734299518,0.3682946839412337
345,Romeo Santos,20700000,16969593844,1268309,54,Music,2005,819.7871422222222,0.050865397833699845
346,5-Minute Crafts DIY,20700000,5046585617,361803,4879,Howto&Style,2018,243.79640661835748,0.024133821284519068
347,Stokes Twins,20600000,4145548064,13264387,252,People&Blogs,2008,201.2401972815534,0.7402969231068015
348,Sidhu Moose Wala,20500000,5958076656,40546461,113,Music,2017,290.63788565853656,0.050865397833699845
349,Kurzgesagt â In a Nutshell,20600000,2319235975,3286875,181,Education,2013,112.58427063106797,1.097713668156555
351,Avicii,20500000,10170387914,958969,153,Music,2009,496.1164836097561,0.050865397833699845
352,Mnet K-POP,20500000,14806215599,1303820,32329,Entertainment,2006,722.2544194634146,0.3682946839412337
353,NBA,20600000,12464762833,1485452,47252,Sports,2005,605.0855744174758,0.15890168118858608
354,Deddy Corbuzier,20500000,4862634916,929383,1333,Entertainment,2009,237.20170321951218,0.3682946839412337
355,SMOL,20400000,21188248582,10744917,3401,People&Blogs,2021,1038.639636372549,0.7402969231068015
356,LazarBeam,20400000,8727873610,6537334,1322,Gaming,2015,427.8369416666667,0.1714734475140664
358,Rafa & Luiz,20400000,7583813824,3990150,2772,Entertainment,2015,371.7555796078431,0.3682946839412337
359,Totoy kids - PortuguÃªs,20300000,1745829866,13670935,193,Film&Animation,2014,86.00147123152709,0.5261173000667103
360,Linkin Park,20300000,13120877063,7152147,715,Music,2006,646.3486237931035,0.050865397833699845
361,LeoNata Family,20300000,24961773273,20341409,2129,People&Blogs,2021,1229.644003596059,0.7402969231068015
362,SlivkiShow,20300000,4655934988,2676962,457,Entertainment,2012,229.3564033497537,0.3682946839412337
363,Ninja Kidz TV,20300000,10755462601,275796,291,Entertainment,2017,529.8257438916256,0.3682946839412337
364,Jake Paul,20300000,7294053938,745796,958,People&Blogs,2013,359.3130018719212,0.7402969231068015
365,Family GamesTV,20300000,7065162053,104722,268,Entertainment,2016,348.03753955665024,0.3682946839412337
367,BuzzFeedVideo,20200000,17898758327,256426,7660,People&Blogs,2011,886.0771449009901,0.7402969231068015
368,Dangal TV Channel,20200000,11942723504,202242,18331,Entertainment,2017,591.2239358415842,0.3682946839412337
370,AuthenticGames,20100000,8912368138,296218,4919,Gaming,2011,443.4013999004975,0.1714734475140664
371,Skrillex,20100000,6579080157,1033461,238,Music,2010,327.3174207462687,0.050865397833699845
372,BabyBus - Cerita & Lagu Anak-anak,20100000,11669764934,50652765,821,Education,2019,580.5853200995025,1.097713668156555
373,YOLO,20300000,1442408878,931885,236,Comedy,2015,71.0546245320197,0.6820464845369754
374,LIV Crime,20000000,10469904479,396943,8828,People&Blogs,2020,523.49522395,0.7402969231068015
375,Emiway Bantai,20100000,3512958287,2992686,220,Music,2013,174.77404412935323,0.050865397833699845
376,Got Talent Global,20100000,2371416339,326057,1138,Entertainment,2013,117.9809123880597,0.3682946839412337
377,Marvel Entertainment,20100000,5598781203,2633894,8476,Entertainment,2005,278.5463285074627,0.3682946839412337
378,REACT,20000000,13112666703,90321,4226,Entertainment,2007,655.63333515,0.3682946839412337
379,Azhan5star,20000000,9537514880,13456432,618,Entertainment,2021,476.875744,0.3682946839412337
380,Sagawa /ããã,20000000,16917096523,3902282,5737,Entertainment,2021,845.85482615,0.3682946839412337
381,Robin Hood Gamer,20000000,10285133511,442194,3990,Entertainment,2014,514.25667555,0.3682946839412337
382,Noor Stars,20000000,2720140617,1047254,679,Comedy,2014,136.00703085,0.6820464845369754
383,Vevo,20000000,557753295,25231230,1518,Music,2006,27.88766475,0.050865397833699845
384,5-Minute Crafts PLAY,20000000,6025869830,1122092,5291,Howto&Style,2017,301.2934915,0.024133821284519068
385,Pentatonix,20000000,6011740706,299201,266,Music,2011,300.5870353,0.050865397833699845
386,Pencilmation,20000000,11241019776,1175626,1455,Film&Animation,2007,562.0509888,0.5261173000667103
387,Green Gold TV - Official Channel,19900000,9639802482,130581,1642,Film&Animation,2011,484.4121850251256,0.5261173000667103
388,Vijay Television,19900000,28059806797,639031,48207,Entertainment,2007,1410.0405425628142,0.3682946839412337
389,Bizarrap,19900000,7278113644,94942296,81,Comedy,2017,365.7343539698492,0.6820464845369754
390,Gordon Ramsay,19800000,3821954644,590744,1478,Entertainment,2006,193.02801232323233,0.3682946839412337
391,JennaMarbles,19700000,1798429204,3452250,250,Comedy,2010,91.29082253807107,0.6820464845369754
392,CookieSwirlC,19800000,23051896170,19711263,3737,Entertainment,2013,1164.2371803030303,0.3682946839412337
393,Gusttavo Lima Oficial,19800000,13569377735,9137223,358,Music,2010,685.3221078282828,0.050865397833699845
394,Crafty Panda,19800000,5745847484,10851583,736,People&Blogs,2017,290.19431737373736,0.7402969231068015
395,HaerteTest,19800000,3224943935,704006,1367,Science&Technology,2011,162.87595631313133,0.40317098133125906
396,MiawAug,19800000,5973464058,1139042,3649,Gaming,2014,301.69010393939396,0.1714734475140664
397,SCTV,19600000,9682854797,867537,52574,Entertainment,2011,494.02320392857143,0.3682946839412337
398,Clash of Clans,19600000,3920400285,2239050,660,Gaming,2013,200.02042270408162,0.1714734475140664
399,Troom Troom Es,19600000,7399202838,374541,2843,People&Blogs,2016,377.510348877551,0.7402969231068015
400,Topper Guild,19200000,14420006051,8912147,738,Comedy,2014,751.0419818229167,0.6820464845369754
401,Official Pink Panther,19500000,10803466261,417989,711,Film&Animation,2013,554.0239108205128,0.5261173000667103
402,Britain's Got Talent,19500000,11179479522,660976,4083,Entertainment,2008,573.3066421538462,0.3682946839412337
403,7clouds,19500000,14345205884,1203760,2327,Music,2013,735.6515837948718,0.050865397833699845
405,tabii Urdu,19500000,8609577412,1639145,1235,Entertainment,2020,441.51679035897433,0.3682946839412337
406,AS Gaming,19500000,2816854909,342804,1250,Gaming,2016,144.4540978974359,0.1714734475140664
407,SOMOY TV,19400000,11849426667,191476,140442,News&Politics,2015,610.7951890206185,-0.00793467772677302
408,DLS News,19400000,2216840197,578017,4578,News&Politics,2017,114.27011324742269,-0.00793467772677302
409,JukiLop,19400000,1573882518,2244934,85,People&Blogs,2017,81.12796484536082,0.7402969231068015
410,shane,19300000,4319678718,2607500,571,People&Blogs,2005,223.81755015544041,0.7402969231068015
411,FIFA,19300000,5438288980,2476993,10601,Sports,2006,281.7766310880829,0.15890168118858608
412,Sony AATH,19200000,13476500530,228006,17943,Shows,2013,701.9010692708333,-0.03585656666974111
413,etvteluguindia,19200000,22553315758,355190,123304,Entertainment,2010,1174.6518623958334,0.3682946839412337
414,RKD Studios,19200000,5259399607,9576255,859,Entertainment,2014,273.9270628645833,0.3682946839412337
415,Marta and Rustam,19100000,18912931555,11599689,694,Comedy,2021,990.2058405759162,0.6820464845369754
417,Jimmy Kimmel Live,19100000,13095591498,857861,6526,Entertainment,2006,685.633062722513,0.3682946839412337
418,Sonotek,19100000,7541227727,10349294,8261,Entertainment,2011,394.8286768062827,0.3682946839412337
419,Lil Nas X,19000000,6253187810,601823,37,Music,2018,329.1151478947368,0.050865397833699845
421,TheOdd1sOut,19000000,4505418722,5348342,138,Comedy,2014,237.12730115789475,0.6820464845369754
423,Vsauce,18900000,2761926112,7676580,447,Science&Technology,2007,146.13365671957672,0.40317098133125906
424,KBS WORLD TV,18900000,14971081397,231323,63433,Entertainment,2007,792.1207088359788,0.3682946839412337
425,HiMan,18800000,2811199518,1175555,368,People&Blogs,2014,149.53188925531916,0.7402969231068015
426,Turma da MÃ´nica,18800000,13678470741,1807787,1137,Film&Animation,2012,727.5782309042553,0.5261173000667103
427,Little Angel EspaÃ±ol - Canciones Infantiles,18800000,9507220844,2580386,686,Education,2018,505.70323638297873,1.097713668156555
428,Cardi B,18800000,7566578446,966244,60,People&Blogs,2016,402.47757691489363,0.7402969231068015
429,CKN,18700000,12215751818,78709710,478,Entertainment,2015,653.2487603208556,0.3682946839412337
430,SUPER SLICK SLIME SAM,18700000,7054285721,178463,872,Howto&Style,2018,377.23453053475936,0.024133821284519068
431,Masha e o Urso,18700000,8164855114,656897,1073,Shows,2016,436.62326812834226,-0.03585656666974111
432,ÐÐ¾Ð·Ð½Ð°Ð²Ð°ÑÐµÐ»Ñ,18600000,9478244699,797274,522,Entertainment,2014,509.58304833333335,0.3682946839412337
433,Farruko,18600000,9403273557,1703560,205,Music,2009,505.55234177419356,0.050865397833699845
434,Ali-A,18600000,6076488095,5924237,4096,Gaming,2006,326.6929083333333,0.1714734475140664
435,Goldmines Great Indian Comedy,18600000,5078038512,20387454,2730,Film&Animation,2016,273.01282322580647,0.5261173000667103
436,TED-Ed,18600000,3609403547,207444,2051,Education,2011,194.05395413978493,1.097713668156555
437,Wow Kidz Action,18600000,8145443530,2691934,1653,Film&Animation,2017,437.9270715053763,0.5261173000667103
438,The ACE Family,18500000,4553511615,533462,711,People&Blogs,2016,246.13576297297297,0.7402969231068015
439,Sidemen,18500000,5109750381,7920948,303,Entertainment,2015,276.2027232972973,0.3682946839412337
440,TheWillyrex,18400000,7021924659,152529,6900,Comedy,2011,381.6263401630435,0.6820464845369754
441,GRAMMY GOLD OFFICIAL,18400000,19910076186,426083,6157,Music,2014,1082.0693579347826,0.050865397833699845
442,PDK Films,18400000,4089986843,32316606,110,Entertainment,2009,222.28189364130435,0.3682946839412337
443,shakiraVEVO,18400000,24859208019,27655564,195,Music,2009,1351.043914076087,0.050865397833699845
444,Ishaan Ali 11,18400000,11349828769,17890684,888,People&Blogs,2016,616.8385200543478,0.7402969231068015
445,Dan-Sa / Daniel Saboya,18400000,6426810333,203941,2768,Music,2007,349.28317027173915,0.050865397833699845
446,Like Nastya Vlog,18400000,8070560686,37414800,477,People&Blogs,2016,438.6174285869565,0.7402969231068015
447,Shemaroo Comedy,18300000,5921383803,354025,4303,Entertainment,2007,323.5728854098361,0.3682946839412337
450,Marmok,18300000,3400321797,2202520,368,Gaming,2008,185.8099342622951,0.1714734475140664
451,Yoeslan,18300000,16193658009,32019973,547,Entertainment,2020,884.8993447540984,0.3682946839412337
452,KL BRO Biju Rithvik,18700000,15332144057,3053981,1730,Entertainment,2020,819.90075171123,0.3682946839412337
453,Zach King,18300000,3948175431,591645,442,Entertainment,2013,215.7472913114754,0.3682946839412337
454,Unbox Therapy,18200000,4480629734,1566699,2149,Science&Technology,2010,246.18844692307692,0.40317098133125906
455,INCRÃVEL,18200000,3188429872,400516,6677,People&Blogs,2017,175.18845450549452,0.7402969231068015
456,Naisa Alifia Yuriza (N.A.Y),18200000,1561839572,5274274,724,People&Blogs,2017,85.81536109890109,0.7402969231068015
457,Good Mythical Morning,18200000,8702599730,169945,3285,Entertainment,2008,478.1648203296703,0.3682946839412337
458,RsiamMusic : à¸­à¸²à¸£à¹à¸ªà¸¢à¸²à¸¡,18200000,11462204260,548046,3026,Music,2011,629.7914428571429,0.050865397833699845
459,Triggered Insaan,18100000,3134293302,4108293,294,Comedy,2014,173.16537580110497,0.6820464845369754
460,Dhar Mann,18100000,10901220399,1218852,861,People&Blogs,2018,602.2773701104973,0.7402969231068015
461,Miley Cyrus,18100000,7556098885,456151,142,Entertainment,2009,417.4640267955801,0.3682946839412337
462,GEN HALILINTAR,18100000,3272390433,1137770,1010,Entertainment,2015,180.79505154696133,0.3682946839412337
463,Ø´Ø¨ÙØ© Ø§ÙØ¹Ø§Ø¨ Ø§ÙØ¹Ø±Ø¨ | Arab Games Network,18000000,8644056423,513225,6161,Gaming,2013,480.2253568333333,0.1714734475140664
464,SQUEEZIE,18000000,9895903729,5930430,1515,Gaming,2011,549.7724293888889,0.1714734475140664
465,dednahype,18000000,18869731928,35355744,1762,Comedy,2020,1048.3184404444444,0.6820464845369754
466,officialpsy,18000000,10584983296,2037963,128,Music,2010,588.0546275555556,0.050865397833699845
468,RobleisIUTU,17900000,5124378378,964611,1344,Entertainment,2013,286.2781216759777,0.3682946839412337
470,TheGrefg,17900000,6343810492,1954136,3496,Gaming,2012,354.4028207821229,0.1714734475140664
471,SebastiÃ¡n Yatra,17900000,10279004480,115879,232,News&Politics,2013,574.2460603351956,-0.00793467772677302
473,David Dobrik,17900000,7165826986,3976087,536,People&Blogs,2014,400.3255299441341,0.7402969231068015
474,Lele Pons,17900000,5212100370,5867962,202,Comedy,2015,291.1787916201117,0.6820464845369754
476,SonyMusicSouthVEVO,17800000,17550301278,2204555,5630,Music,2014,985.9719819101124,0.050865397833699845
477,Manual do Mundo,17800000,3904079425,674989,2404,Howto&Style,2006,219.3303047752809,0.024133821284519068
479,KatieAngel,17700000,3776249191,1650114,994,People&Blogs,2015,213.34741192090397,0.7402969231068015
480,Blippi - Educational Videos for Kids,17700000,14558682116,178961,653,Education,2014,822.5244133333333,1.097713668156555
481,Lil Pump,17700000,4200814318,2881074,60,Music,2015,237.33414225988702,0.050865397833699845
483,ArianaGrandeVevo,17700000,19964563074,1235827,178,Music,2010,1127.9414166101694,0.050865397833699845
484,And TV,17600000,14289264209,3226880,33727,Entertainment,2015,811.890011875,0.3682946839412337
485,tanboy kun,17600000,3569077626,2368565,715,People&Blogs,2016,202.78850147727272,0.7402969231068015
486,Porta dos Fundos,17600000,7676829784,797894,2191,Entertainment,2012,436.18351045454546,0.3682946839412337
487,JFlaMusic,17600000,3792145054,999049,319,Music,2011,215.4627871590909,0.050865397833699845
488,Les' Copaque Production,17500000,8886820118,851045,1675,Film&Animation,2009,507.81829245714283,0.5261173000667103
489,Ajay Sharma,17500000,11952406523,6325786,866,Entertainment,2012,682.9946584571428,0.3682946839412337
490,News 24,17500000,8122902513,485037,213383,News&Politics,2014,464.1658578857143,-0.00793467772677302
491,æå­æ Liziqi,17500000,2944747984,1333539,128,Howto&Style,2017,168.27131337142856,0.024133821284519068
492,FactTechz,17500000,2228074029,519846,688,Entertainment,2016,127.31851594285715,0.3682946839412337
493,The Game Theorists,17400000,3682661532,2483651,625,Gaming,2009,211.6472144827586,0.1714734475140664
494,Jason Derulo,17500000,9490501056,740421,560,Music,2008,542.3143460571429,0.050865397833699845
495,zbing z.,17500000,9178298249,677565,3081,Gaming,2014,524.4741856571428,0.1714734475140664
496,IGN,17400000,15912671062,321982,154972,Gaming,2006,914.5213254022989,0.1714734475140664
497,MissaSinfonia,17500000,2235833032,6148381,233,Comedy,2011,127.76188754285714,0.6820464845369754
498,Stubborn Facts,17300000,900293471,11780415,277,Film&Animation,2016,52.040085028901736,0.5261173000667103
499,How Ridiculous,17300000,8998052655,964745,639,Sports,2009,520.1186505780347,0.15890168118858608
500,Ø§ÙÙØ±ÙÙØ§Ø³ - Al-Remas,17300000,10795671278,1071189,1983,Music,2013,624.0272415028902,0.050865397833699845
501,Willyrex,17200000,4994666356,592365,7450,Gaming,2009,290.3875788372093,0.1714734475140664
502,Ami Rodriguez,17200000,2548225572,5115092,428,Entertainment,2009,148.15264953488372,0.3682946839412337
503,AMARINTV : à¸­à¸¡à¸£à¸´à¸à¸à¸£à¹à¸à¸µà¸§à¸µ,17200000,12705951302,182268,112481,Entertainment,2014,738.7180989534884,0.3682946839412337
504,MSA previously My Story Animated,17200000,8185983896,4381910,1072,Film&Animation,2019,475.9292962790698,0.5261173000667103
505,HowToBasic,17200000,3656118465,442123,575,Howto&Style,2011,212.5650270348837,0.024133821284519068
506,Liza Koshy,17100000,2171115213,419044,142,Comedy,2013,126.96580192982456,0.6820464845369754
507,PopularMMOs,17100000,14556655934,484287,4685,Gaming,2012,851.2664288888889,0.1714734475140664
508,El Reino a Jugar,17100000,11306163564,53208674,985,Education,2015,661.1791557894737,1.097713668156555
509,Jason Vlogs,17100000,8764622207,33478731,754,Education,2015,512.55100625731,1.097713668156555
510,Anitta,17100000,7237222086,2880798,119,Music,2011,423.229361754386,0.050865397833699845
511,LuisFonsiVEVO,17000000,14458542078,484869,97,Music,2009,850.5024751764706,0.050865397833699845
512,Jake Fellman,16800000,12463819539,9333228,409,Entertainment,2012,741.8940201785714,0.3682946839412337
513,TRANS TV Official,17000000,9633261283,359707,145496,Entertainment,2014,566.6624284117647,0.3682946839412337
514,El Payaso Plim Plim,17000000,16279476749,1267778,1236,Film&Animation,2013,957.6162793529412,0.5261173000667103
515,Aphmau,17000000,17208018097,823667,4345,Gaming,2012,1012.2363586470589,0.1714734475140664
516,TheBrianMaps,17000000,4394608534,3623848,495,Comedy,2012,258.50638435294115,0.6820464845369754
517,Gaby and Alex,17000000,8183230909,10078796,360,Entertainment,2012,481.36652405882353,0.3682946839412337
518,Queen Official,16900000,10693536376,2629617,979,Music,2008,632.7536317159763,0.050865397833699845
519,Willie Salim,17100000,3818397330,5181709,590,People&Blogs,2014,223.2980894736842,0.7402969231068015
520,Marques Brownlee,16900000,3505008223,2711695,1549,Science&Technology,2008,207.39693627218935,0.40317098133125906
522,Guava Juice,16900000,9074504549,304333,1909,Gaming,2006,536.9529318934912,0.1714734475140664
523,EeOneGuy,16900000,3824929134,459293,366,Entertainment,2013,226.32716769230768,0.3682946839412337
524,Apple,16900000,994259990,3290864,181,Science&Technology,2005,58.831952071005915,0.40317098133125906
525,News18 India,16800000,6828566260,149264,172792,News&Politics,2007,406.4622773809524,-0.00793467772677302
526,Doggy Doggy Cartoons,16800000,6515313415,10189901,4787,Entertainment,2012,387.81627470238095,0.3682946839412337
527,VICE,16800000,4550533749,545749,3860,Entertainment,2005,270.8651041071429,0.3682946839412337
528,Aayu and Pihu Show,16800000,9106911452,2880299,425,Comedy,2017,542.0780626190476,0.6820464845369754
529,DeGoBooM,16700000,6076607724,8001000,4451,Gaming,2014,363.8687259880239,0.1714734475140664
530,DeToxoMoroxo,16700000,2299514268,471903,538,Entertainment,2012,137.6954651497006,0.3682946839412337
531,IShowSpeed,16700000,1359865986,2478821,1289,Gaming,2016,81.42910095808384,0.1714734475140664
532,Pop Chartbusters,16700000,8573825505,3816477,2229,Music,2011,513.4027248502994,0.050865397833699845
533,Tu COSMOPOLIS,16700000,5063508115,885237,8427,People&Blogs,2014,303.204078742515,0.7402969231068015
534,Taarak Mehta Ka Ooltah Chashmah,16600000,10741939802,590798,4289,Entertainment,2014,647.1048073493976,0.3682946839412337
535,Koray Zeynep,16600000,15764636537,33183704,1942,People&Blogs,2016,949.6768998192771,0.7402969231068015
536,Gato Galactico | GALÃXIA,16600000,3613767046,4038736,1490,Film&Animation,2013,217.69681,0.5261173000667103
537,IDEAS EN 5 MINUTOS,16600000,3679896818,205786,5316,Howto&Style,2017,221.6805312048193,0.024133821284519068
538,Travis Scott,16600000,7850945498,3699281,13,Music,2013,472.94852397590364,0.050865397833699845
539,With Kids[ìëí¤ì¦],16600000,8762279895,904231,905,Entertainment,2012,527.8481864457831,0.3682946839412337
541,Werever2morro,16600000,2795934309,1143623,973,Entertainment,2007,168.4297776506024,0.3682946839412337
542,FailArmy,16500000,2950248185,5278313,421,Comedy,2011,178.8029203030303,0.6820464845369754
544,Kaykai Salaider,16400000,4416455250,636164,425,Comedy,2011,269.29605182926827,0.6820464845369754
545,Lahari Music - TSeries,16400000,11800372781,3716943,8846,Music,2011,719.5349256707317,0.050865397833699845
546,Sandra Cires Art,16400000,3929044938,786271,1086,Howto&Style,2011,239.57591085365854,0.024133821284519068
547,NMF News,16400000,7353038692,185461,109305,News&Politics,2013,448.35601780487804,-0.00793467772677302
548,FunFun Toy Doll TV,16400000,7358657888,2775025,733,Entertainment,2016,448.6986517073171,0.3682946839412337
549,SAM SMITH,16300000,10011156508,10964683,210,Music,2012,614.1813808588957,0.050865397833699845
550,RCTI - LAYAR DRAMA INDONESIA,16300000,13320918416,1012592,70215,Entertainment,2015,817.2342586503067,0.3682946839412337
551,W2S,16300000,4760782142,1380754,652,Gaming,2012,292.07252404907973,0.1714734475140664
552,Boyce Avenue,16300000,6530027799,361450,472,Music,2007,400.615202392638,0.050865397833699845
553,CoryxKenshin,16300000,6916841841,7172168,1689,Gaming,2009,424.34612521472394,0.1714734475140664
554,Little Mix,16200000,7454257782,162665,278,Music,2011,460.13936925925924,0.050865397833699845
555,SriBalajiMovies,16300000,9199712525,189303,19094,Entertainment,2011,564.399541411043,0.3682946839412337
556,JJ Olatunji,16200000,4038640434,2712036,1280,Gaming,2011,249.29879222222223,0.1714734475140664
557,Bispo Bruno Leonardo,16300000,3291953717,668873,4687,Nonprofits&Activism,2016,201.96035073619632,0.0
558,Kids Play,16200000,8046033742,1659132,586,Entertainment,2018,496.66874950617284,0.3682946839412337
559,BBC News Hindi,16200000,6869190290,142212,20479,News&Politics,2009,424.02409197530864,-0.00793467772677302
560,Ch7HD,16200000,9325166624,203582,53420,Entertainment,2010,575.627569382716,0.3682946839412337
561,GMMTV OFFICIALââ,16200000,12506502870,213138,23095,Entertainment,2010,772.00635,0.3682946839412337
562,ÐÐ¸Ð¼Ð° ÐÐ°ÑÐ»ÐµÐ½Ð½Ð¸ÐºÐ¾Ð²,16300000,2390793810,7767682,420,Entertainment,2014,146.67446687116563,0.3682946839412337
563,Matt Stonie,16200000,3501043686,2032053,429,Entertainment,2012,216.11380777777777,0.3682946839412337
564,Pitbull,16200000,12326353249,375686,345,Music,2006,760.8860030246914,0.050865397833699845
565,Camila Cabello,16200000,6547073831,4995425,80,Music,2015,404.1403599382716,0.050865397833699845
566,ExtraPolinesios,16200000,4799751695,965794,496,People&Blogs,2012,296.2809688271605,0.7402969231068015
567,Jennifer Lopez,16100000,10115970118,204437,252,Music,2005,628.3211253416149,0.050865397833699845
568,FitDance,16100000,7074598373,382928,4689,Music,2013,439.4160480124224,0.050865397833699845
569,Technoblade,16100000,1630931664,4790181,989,Gaming,2013,101.30010335403726,0.1714734475140664
570,AdMe,16100000,4442508976,373679,6348,Entertainment,2015,275.93223453416147,0.3682946839412337
571,Bobby chourasiya,16100000,8939420087,22257925,414,People&Blogs,2019,555.2434836645963,0.7402969231068015
572,Canal IN,16100000,2672780641,119871,723,People&Blogs,2017,166.0112199378882,0.7402969231068015
573,Thairath Online,16100000,14285169909,306219,238512,News&Politics,2010,887.2776340993789,-0.00793467772677302
574,T3ddy,16100000,2938716938,762774,1890,Comedy,2012,182.52900236024846,0.6820464845369754
575,LEGO,16000000,20316001909,161020,30542,Entertainment,2005,1269.7501193125,0.3682946839412337
576,Jordan Matter,16000000,5524461137,10090115,405,Entertainment,2006,345.2788210625,0.3682946839412337
577,Antrax,16000000,3022438590,523775,687,Gaming,2015,188.902411875,0.1714734475140664
578,Dyland PROS,16000000,1500374483,557212,2674,Entertainment,2015,93.7734051875,0.3682946839412337
580,POPS Kids,16000000,9375964489,1286925,3866,Music,2014,585.9977805625,0.050865397833699845
581,UFC - Ultimate Fighting Championship,16000000,6860573976,1162824,14215,Sports,2006,428.7858735,0.15890168118858608
583,wifistudy,15900000,2997096206,174382,51167,Education,2014,188.49661672955975,1.097713668156555
584,jaanvi patel,15900000,7199368060,15967991,489,People&Blogs,2018,452.7904440251572,0.7402969231068015
585,DopeLyrics,15900000,9943923998,188656,2022,Music,2016,625.4040250314465,0.050865397833699845
586,Enes Batur,15900000,9747298434,1896936,1986,Gaming,2012,613.0376373584905,0.1714734475140664
587,La Rosa de Guadalupe,15900000,9462223001,1675074,7718,Entertainment,2015,595.1083648427673,0.3682946839412337
588,jeffreestar,15900000,2606434196,666555,433,Howto&Style,2006,163.92667899371068,0.024133821284519068
590,TWICE,15900000,4915648244,180091,1097,Music,2016,309.160266918239,0.050865397833699845
591,Camilo,15800000,6709656509,382842,127,Music,2010,424.6618043670886,0.050865397833699845
593,Priyal Kukreja,15700000,10061806187,3396012,723,People&Blogs,2021,640.8793749681529,0.7402969231068015
594,MK MUSIC,15700000,8987669730,229990,5035,Music,2010,572.4630401273886,0.050865397833699845
595,Rotten Tomatoes Trailers,15700000,13068327378,343129,10272,Film&Animation,2011,832.37754,0.5261173000667103
596,Danny Fitt,15700000,9123106895,1136916,2205,People&Blogs,2016,581.0896111464968,0.7402969231068015
597,Lyna,15700000,6445959561,1459188,4837,Gaming,2014,410.57067267515924,0.1714734475140664
598,Team Films Bhojpuri,15600000,6572617235,624500,19659,Music,2014,421.3216176282051,0.050865397833699845
599,Unspeakable,15600000,8803583330,1956688,775,Gaming,2016,564.3322647435897,0.1714734475140664
600,deepesh zo,15600000,6784953029,4186895,492,People&Blogs,2021,434.93288647435895,0.7402969231068015
601,Daily Dose Of Internet,15600000,6147576424,5078076,594,Entertainment,2015,394.0754117948718,0.3682946839412337
602,Caeli YT,15600000,1511543916,510540,551,Entertainment,2010,96.89384076923076,0.3682946839412337
603,Dear Sir,15600000,1312378708,925775,610,Education,2016,84.12684025641026,1.097713668156555
604,Volga Video,15600000,9711420773,1335302,16628,Film&Animation,2012,622.5269726282052,0.5261173000667103
605,Disney Junior,15600000,15297016006,1907358,3908,Entertainment,2008,980.577949102564,0.3682946839412337
606,5-Minute Crafts FAMILY,15600000,6116549086,7404583,4105,People&Blogs,2018,392.0864798717949,0.7402969231068015
607,Talking Tom & Friends,15500000,6368016829,652326,406,Entertainment,2010,410.83979541935486,0.3682946839412337
608,Zee Music Classic,15500000,5434110964,31175081,1480,Music,2014,350.58780412903224,0.050865397833699845
609,Linus Tech Tips,15500000,7034219172,1836058,6202,Science&Technology,2008,453.82059174193546,0.40317098133125906
612,Henrique e Juliano,15500000,14316506915,3961041,323,Music,2009,923.6456074193549,0.050865397833699845
613,Arif muhammad,15500000,4001027378,1393289,524,People&Blogs,2017,258.13079858064515,0.7402969231068015
614,Juliana Baltar,15400000,3772442011,444018,1907,Entertainment,2010,244.96376694805195,0.3682946839412337
615,Blippi EspaÃ±ol,15300000,8825345068,423778,571,People&Blogs,2017,576.8199390849674,0.7402969231068015
617,Roman Atwood Vlogs,15400000,5467513882,676310,1756,People&Blogs,2013,355.03336896103895,0.7402969231068015
618,Ø­ÙØ±Ù Ø¥Ø¨Ø¯Ø§Ø¹ÙØ© ÙÙ 5 Ø¯ÙØ§Ø¦Ù,15400000,4443220008,750886,5042,Howto&Style,2017,288.52077974025974,0.024133821284519068
619,Kerajinan 5-Menit,15400000,4709707943,170539,4057,People&Blogs,2018,305.8251911038961,0.7402969231068015
620,LOKESH GAMER,15300000,1625074774,385300,1354,Gaming,2017,106.21403751633987,0.1714734475140664
621,Genierock,15300000,14433470618,513141,1690,Music,2008,943.3640926797385,0.050865397833699845
622,sagar kalra (Shorts),15300000,6328640100,31227034,445,People&Blogs,2017,413.63660784313726,0.7402969231068015
623,zayn,15300000,4860971945,614756,14,Music,2016,317.7105846405229,0.050865397833699845
624,Harsh Beniwal,15300000,1760706317,6438273,163,Comedy,2015,115.07884424836601,0.6820464845369754
625,ÐÐÐÐÐ¢,15400000,1663694323,2769121,319,People&Blogs,2019,108.03209889610389,0.7402969231068015
626,Mobile Legends: Bang Bang,15300000,1208181101,500368,1297,Gaming,2016,78.96608503267974,0.1714734475140664
627,Salman Noman,15200000,9682990420,9097747,674,Entertainment,2013,637.0388434210527,0.3682946839412337
628,Oyuncak AvÄ±,15200000,8322606280,1614873,653,Entertainment,2014,547.5398868421053,0.3682946839412337
629,Dave and Ava - Nursery Rhymes and Baby Songs,15200000,10581553003,986640,824,Education,2014,696.1548028289474,1.097713668156555
630,Kuplinov âº Play,15200000,6684042020,817982,6583,Gaming,2012,439.73960657894736,0.1714734475140664
632,Niana Guerrero,15200000,1475226369,566245,436,Entertainment,2013,97.05436638157894,0.3682946839412337
633,FFUNTV,15100000,11308742050,9427197,379,Gaming,2018,748.9233145695364,0.1714734475140664
635,NDTV India,15200000,6539313322,796880,87094,News&Politics,2008,430.2179817105263,-0.00793467772677302
636,Makiman131,15100000,4228416514,453513,2994,Gaming,2013,280.02758370860926,0.1714734475140664
637,ÙØ§Ø´Ø§ Ù Ø§ÙØ¯Ø¨,15100000,8046768603,424489,966,Shows,2017,532.8985829801325,-0.03585656666974111
638,CNN,15100000,13916375665,426823,159542,News&Politics,2005,921.6142824503311,-0.00793467772677302
639,Musas,15100000,2392866837,595429,622,Howto&Style,2012,158.4680024503311,0.024133821284519068
640,Mariale,15100000,2735489244,476200,2443,Howto&Style,2010,181.1582280794702,0.024133821284519068
641,FC Barcelona,15100000,2573211390,380317,10811,Sports,2006,170.41135033112582,0.15890168118858608
642,Ranz Kyle,15100000,1749514355,496032,524,People&Blogs,2008,115.86187781456954,0.7402969231068015
643,Daftar Populer,15100000,2119623354,470054,3669,Education,2017,140.37240754966888,1.097713668156555
644,AdeleVEVO,15100000,12284796694,4993793,52,Music,2009,813.5626949668874,0.050865397833699845
645,SRK MUSIC,15000000,6295088801,11591792,5011,Music,2012,419.67258673333333,0.050865397833699845
646,DM - Desi Melodies,15000000,5707555523,30843778,66,Music,2017,380.50370153333336,0.050865397833699845
647,BIGBANG,15000000,7790921334,111403,776,Music,2005,519.3947556,0.050865397833699845
648,TheRichest,15000000,2751005650,299737,2208,Education,2014,183.40037666666666,1.097713668156555
649,Kim Loaiza,15000000,1533615276,16840434,18,Music,2019,102.2410184,0.050865397833699845
651,League of Legends,15000000,7095872773,614338,1344,Gaming,2009,473.0581848666667,0.1714734475140664
652,ABS-CBN News,15000000,10271586489,696908,189935,News&Politics,2009,684.7724326,-0.00793467772677302
653,Mazhavil Manorama,14900000,15912466369,5386195,84547,Entertainment,2011,1067.9507630201342,0.3682946839412337
654,Mohamed Ramadan I ÙØ­ÙØ¯ Ø±ÙØ¶Ø§Ù,14900000,5252150218,704954,745,People&Blogs,2014,352.49330322147654,0.7402969231068015
655,EdisonPts,14900000,6520153798,1228670,3684,Gaming,2013,437.5942146308725,0.1714734475140664
656,XpressTV,14900000,3957582127,580373,711,Entertainment,2014,265.6095387248322,0.3682946839412337
657,It's Mamix,15000000,1748265264,2203899,211,People&Blogs,2017,116.5510176,0.7402969231068015
658,ERB,14900000,4018578719,1621997,86,Entertainment,2006,269.7032697315436,0.3682946839412337
659,ÐÐ¢Ð,14900000,439098,245028,1,People&Blogs,2008,0.029469664429530203,0.7402969231068015
660,XO TEAM,14900000,14001582804,2110403,3034,People&Blogs,2021,939.7035438926174,0.7402969231068015
661,Little Angel - MÃºsicas Infantis em PortuguÃªs,14900000,8668386510,4348256,770,Entertainment,2018,581.7709067114095,0.3682946839412337
662,KOMPASTV,14900000,11636625928,215137,260362,News&Politics,2013,780.9816059060403,-0.00793467772677302
663,Kwebbelkop,14900000,6853026818,7130685,5187,Gaming,2008,459.9346857718121,0.1714734475140664
664,Kashvi Adlakha,14900000,12414468052,17171772,1455,Entertainment,2017,833.1857753020134,0.3682946839412337
665,PlayStation,14900000,4672582086,3214758,19879,Gaming,2005,313.5961131543624,0.1714734475140664
666,The MriDul,14900000,4369864092,7640074,104,Comedy,2015,293.27946926174496,0.6820464845369754
667,ZÃ© Neto e Cristiano,14900000,11276613857,8431693,317,Music,2012,756.8197219463087,0.050865397833699845
668,MNCTV OFFICIAL,14800000,7999006947,2173847,64243,Entertainment,2012,540.4734423648648,0.3682946839412337
669,iTownGamePlay *Terror&DiversiÃ³n*,14800000,4954602212,382754,8306,Entertainment,2012,334.7704197297297,0.3682946839412337
670,Lachlan,14800000,5234541168,2886677,3823,Gaming,2013,353.68521405405403,0.1714734475140664
671,TazerCraft,14800000,5881551982,322106,4161,Gaming,2011,397.4021609459459,0.1714734475140664
672,T-Series Hamaar Bhojpuri,14800000,7364037813,1867057,9765,Entertainment,2011,497.5701225,0.3682946839412337
673,Jorge & Mateus Oficial,14800000,8918685757,712624,317,Music,2008,602.6139025,0.050865397833699845
674,Narendra Modi,14800000,3132195290,992440,19986,News&Politics,2007,211.6348168918919,-0.00793467772677302
676,PowerfulJRE,14900000,2987873131,617090,993,People&Blogs,2013,200.52839805369126,0.7402969231068015
677,MattyBRaps,14800000,3556682258,1295186,192,Music,2010,240.3163687837838,0.050865397833699845
678,Fueled By Ramen,14800000,13260932131,350743,1207,Music,2006,896.0089277702702,0.050865397833699845
679,50 Cent,14800000,9883742444,3717495,419,Music,2007,667.8204354054054,0.050865397833699845
680,5-Minute Crafts Recycle,14700000,8722544166,15858572,3634,People&Blogs,2019,593.3703514285714,0.7402969231068015
681,CollegeHumor,14700000,7239198455,188481,4304,Comedy,2006,492.4624799319728,0.6820464845369754
682,Ð¢ÑÑÐ¼ Ð¢ÑÑÐ¼,14700000,6916144914,333193,2297,Howto&Style,2015,470.48604857142857,0.024133821284519068
684,Sony LIV,14700000,7181066594,1329989,11337,Entertainment,2014,488.50793156462584,0.3682946839412337
685,A2 Motivation by Arvind Arora,14700000,6007336038,124113,2304,Entertainment,2017,408.6623155102041,0.3682946839412337
686,melanie martinez,14700000,4306947754,107961,126,Music,2007,292.9896431292517,0.050865397833699845
687,Mrwhosetheboss,14700000,3376387562,8744532,1549,Science&Technology,2011,229.686228707483,0.40317098133125906
688,The Slow Mo Guys,14700000,2446691269,1014319,313,Entertainment,2010,166.44158292517008,0.3682946839412337
689,Ø­ÙØ§Ø¦Ù ÙØ£Ø³Ø±Ø§Ø±,14700000,2226163986,916568,1375,Entertainment,2016,151.43972693877552,0.3682946839412337
690,CrashCourse,14700000,1821058574,226388,1470,Education,2006,123.8815356462585,1.097713668156555
691,Canal Nostalgia,14700000,1500815270,1289580,444,Entertainment,2008,102.0962768707483,0.3682946839412337
692,à¸à¹à¸­à¸8 : Thai Ch8,14700000,5610213070,990561,26468,Entertainment,2011,381.64714761904764,0.3682946839412337
693,Major Lazer Official,14700000,9310182793,705291,437,Music,2009,633.3457682312925,0.050865397833699845
694,THE BROWN SIBLINGS,14600000,8502572947,2817092,937,Entertainment,2016,582.3680100684932,0.3682946839412337
695,Martin Garrix,14600000,5958576023,693828,358,Music,2011,408.1216454109589,0.050865397833699845
696,Sony Music South,14600000,9569744553,2351755,2597,Music,2014,655.4619556849315,0.050865397833699845
698,Ray William Johnson,14600000,9521598727,7757686,1694,Entertainment,2008,652.164296369863,0.3682946839412337
699,Chad Wild Clay,14600000,6695365252,1088438,689,Comedy,2006,458.5866610958904,0.6820464845369754
700,Auron,14600000,3260494702,482838,922,People&Blogs,2013,223.32155493150685,0.7402969231068015
701,Reaction Time,14600000,4252947644,362400,1701,Entertainment,2015,291.2977838356164,0.3682946839412337
702,Planeta das GÃªmeas,14600000,4608823002,313497,945,People&Blogs,2015,315.6728083561644,0.7402969231068015
703,IDEIAS INCRÃVEIS,14600000,3547570110,1092349,5303,Howto&Style,2017,242.98425410958905,0.024133821284519068
705,Hear This Music,14500000,9121020442,2584441,39,Music,2016,629.0358925517241,0.050865397833699845
707,Telemundo,14500000,8505486949,899904,19068,Entertainment,2007,586.5853068275862,0.3682946839412337
708,Camila Loures,14500000,4611575679,950175,3880,Music,2014,318.039702,0.050865397833699845
709,Doc Tops,14500000,2586363993,817264,479,Entertainment,2014,178.36993055172414,0.3682946839412337
710,LEGENDA FUNK,14500000,1330414668,302803,2437,Music,2013,91.75273572413793,0.050865397833699845
711,Maroon5VEVO,14500000,19876048214,1894075,146,Music,2009,1370.7619457931035,0.050865397833699845
712,Lilly Singh,14500000,3511902692,242351,998,Comedy,2010,242.20018565517242,0.6820464845369754
713,Harry Styles,14300000,5522074588,1229913,16,People&Blogs,2017,386.1590620979021,0.7402969231068015
714,Aadishakti Films,14400000,6239323248,571416,4765,Music,2016,433.28633666666667,0.050865397833699845
715,Drawblogs,14400000,1628196785,672810,378,Entertainment,2014,113.06922118055556,0.3682946839412337
716,Ø§ÙØµØ§ÙØ© ÙØ§ÙÙÙÙ I Ø£ÙØ³ Ù Ø£ØµØ§ÙØ©,14400000,2969794989,2442405,384,Entertainment,2017,206.235763125,0.3682946839412337
718,SelenaGomezVEVO,14400000,11277818885,15527779,186,Music,2009,783.1818670138889,0.050865397833699845
719,ABC News,14400000,12741294902,152303,79702,News&Politics,2006,884.8121459722222,-0.00793467772677302
720,PrestonPlayz,14400000,5612634059,586757,878,Gaming,2018,389.7662540972222,0.1714734475140664
721,Rosanna Pansino,14400000,4558679935,2597614,1216,Howto&Style,2010,316.5749954861111,0.024133821284519068
722,StudyIQ IAS,14400000,3893755869,104350,41884,Education,2015,270.399713125,1.097713668156555
723,Mis Pastelitos,14400000,2660485945,1298924,582,Howto&Style,2014,184.75596840277777,0.024133821284519068
724,Gyan Gamingã¤,14400000,2209465539,385950,2943,Gaming,2017,153.435106875,0.1714734475140664
726,GMM25Thailand,14400000,9305299097,489458,65999,Entertainment,2011,646.2013261805556,0.3682946839412337
727,Netflix Jr.,14400000,8676282964,54980635,1918,Education,2012,602.5196502777778,1.097713668156555
728,Saad Lamjarred | Ø³Ø¹Ø¯ ÙÙØ¬Ø±Ø¯,14400000,4258307352,5550107,159,Music,2012,295.7157883333333,0.050865397833699845
729,Cyprien,14400000,3075467021,2207025,217,Comedy,2007,213.57409868055555,0.6820464845369754
731,Rclbeauty101,14400000,3888113892,245761,463,Comedy,2010,270.00790916666665,0.6820464845369754
732,Zig & Sharko,14300000,8941219924,174978,956,Film&Animation,2015,625.2601345454545,0.5261173000667103
735,ZEE5,14300000,18319747115,3233250,99972,Entertainment,2018,1281.1011968531468,0.3682946839412337
736,NOBRU,14300000,329214749,443347,531,Gaming,2016,23.02201041958042,0.1714734475140664
737,Rebecca Zamolo,14200000,6206295962,1020871,938,Comedy,2011,437.06309591549297,0.6820464845369754
738,Indore Physical Academy,14200000,4073551821,6904427,1748,People&Blogs,2014,286.8698465492958,0.7402969231068015
739,Colors Rishtey,14200000,11894487974,738374,21887,Entertainment,2013,837.6399981690141,0.3682946839412337
740,SIS vs BRO,14200000,6939784014,10533882,360,Entertainment,2016,488.71718408450704,0.3682946839412337
741,BBC News,14200000,4478097227,324067,18545,News&Politics,2006,315.35895964788733,-0.00793467772677302
742,Coke Studio,14200000,3928568655,2059537,565,Music,2014,276.6597644366197,0.050865397833699845
743,Invento na Hora,14200000,4011936833,1217027,1246,Film&Animation,2014,282.53076288732393,0.5261173000667103
744,ZutiGang,14100000,15198937294,6699170,1255,People&Blogs,2021,1077.938815177305,0.7402969231068015
745,Chetan Monga Vlogs,14200000,9724781581,33506512,874,People&Blogs,2014,684.8437733098591,0.7402969231068015
746,Wish 107.5,14100000,5946950730,1948432,1785,Music,2014,421.76955531914894,0.050865397833699845
747,Trap City,14100000,5104091761,4392642,2725,Music,2012,361.99232347517733,0.050865397833699845
749,ììì¼ìì´ì¼ê¸°,14100000,2243916573,4714729,425,Entertainment,2017,159.14301936170213,0.3682946839412337
750,#Refugio Mental,14100000,3582399287,393758,820,Entertainment,2013,254.0708714184397,0.3682946839412337
751,ÐÐ°ÑÑÐµÑÑÐºÐ°Ñ ÐÐ°ÑÑÑÐ¾ÐµÐ½Ð¸Ñ,14100000,3901861450,579774,1018,Entertainment,2013,276.7277624113475,0.3682946839412337
752,Bie The Ska,14100000,4611470027,496042,1515,Entertainment,2006,327.05461184397166,0.3682946839412337
753,NikkieTutorials,14100000,1727398602,4081523,870,Howto&Style,2008,122.51053914893618,0.024133821284519068
754,DangMattSmith,14100000,3296389518,3055194,1667,Entertainment,2011,233.78649063829786,0.3682946839412337
755,MalumaVEVO,14100000,18860651891,6299999,181,Music,2011,1337.634885886525,0.050865397833699845
756,F2Freestylers - Ultimate Soccer Skills Channel,14100000,3262882637,252057,773,Sports,2011,231.41011609929078,0.15890168118858608
757,RS 1313 SHORTS,14000000,7661998979,23176762,5374,Entertainment,2020,547.2856413571428,0.3682946839412337
758,AM3NlC,14000000,4940065513,765254,5723,Gaming,2012,352.86182235714284,0.1714734475140664
759,RubÃ©n Tuesta oficial,14000000,8679210491,5461963,876,Comedy,2016,619.9436065,0.6820464845369754
760,Republic Bharat,14000000,6940506328,174571,85085,News&Politics,2019,495.750452,-0.00793467772677302
761,Neha Kakkar,14000000,2044311390,3393638,149,Music,2012,146.02224214285715,0.050865397833699845
762,Zee Bangla,13900000,11252980341,788657,134898,Entertainment,2008,809.5669310071943,0.3682946839412337
763,ETV Jabardasth,13900000,13336729408,707445,9200,People&Blogs,2015,959.4769358273381,0.7402969231068015
764,Noman Official,13900000,5350006318,12615493,522,Comedy,2019,384.89254086330936,0.6820464845369754
765,TV9 Bharatvarsh,13900000,9824252999,121330,273775,People&Blogs,2018,706.780791294964,0.7402969231068015
766,TV Ana Emilia,13900000,4645257107,451771,632,People&Blogs,2014,334.1911587769784,0.7402969231068015
768,E-MasterSensei,13900000,3850701892,1529931,1281,Gaming,2016,277.0289130935252,0.1714734475140664
769,Darkar Company Studios,13900000,2236030740,685586,182,Film&Animation,2009,160.86552086330934,0.5261173000667103
770,Narins Beauty,13900000,2208509021,2501804,430,Howto&Style,2014,158.8855410791367,0.024133821284519068
771,Gallina Pintadita,13900000,9557112865,198518512,62,Music,2011,687.5620766187051,0.050865397833699845
772,ILYA BORZOV,13900000,9176869135,15210942,2105,People&Blogs,2021,660.206412589928,0.7402969231068015
773,ADEL et SAMI,13900000,5424590210,50665,493,Entertainment,2018,390.2582884892086,0.3682946839412337
774,Crescendo com Luluca,13800000,4991855526,1563721,1270,Entertainment,2015,361.72866130434784,0.3682946839412337
775,123 GO! Spanish,13800000,4983584487,666572,486,People&Blogs,2019,361.1293106521739,0.7402969231068015
776,ÐÐ¾Ð¼Ð¿Ð¾Ñ,13800000,7495982519,479856,2153,Gaming,2013,543.187139057971,0.1714734475140664
777,Lana Del Rey,13700000,6644400289,936118,43,Music,2011,484.9927218248175,0.050865397833699845
778,TommyInnit,13900000,1988090962,5060186,335,Gaming,2015,143.02812676258992,0.1714734475140664
779,Zee Telugu,13800000,12205437234,795144,143661,Entertainment,2008,884.4519734782609,0.3682946839412337
780,T-Series Regional,13800000,5167393159,9297786,15071,Entertainment,2011,374.4487796376812,0.3682946839412337
781,Alfredo Larin,13800000,11796007893,1726246,1741,Entertainment,2017,854.7831806521739,0.3682946839412337
783,MoreAliA,13900000,3987649829,6099260,2273,Gaming,2013,286.8812826618705,0.1714734475140664
784,Atlantic Records,13800000,12380366356,801820,1618,Music,2006,897.1279968115942,0.050865397833699845
785,Yudist Ardhana,13800000,5779392245,1390214,2734,Entertainment,2016,418.7965394927536,0.3682946839412337
787,FAPTV,13700000,5392233508,1504030,820,Comedy,2014,393.5936867153285,0.6820464845369754
788,Jazzghost,13700000,5523127198,1003721,5441,Gaming,2012,403.1479706569343,0.1714734475140664
789,JD Pantoja,13700000,1473532731,6363296,16,People&Blogs,2017,107.55713364963503,0.7402969231068015
790,Jamuna TV,13700000,11859792954,82779,105538,News&Politics,2017,865.678317810219,-0.00793467772677302
791,Younes Zarou,13700000,13735939590,29093890,2012,Entertainment,2021,1002.6233277372263,0.3682946839412337
792,Chapitosiki,13900000,12665989735,32927873,2452,Entertainment,2020,911.2222830935252,0.3682946839412337
793,The Dodo,13700000,9543396540,2346202,7755,Pets&Animals,2014,696.5982875912409,0.0
794,Veritasium,13700000,2109120002,4842561,364,Education,2010,153.95036510948904,1.097713668156555
795,MAIKI021,13700000,1937651808,205373,3276,Entertainment,2008,141.43443854014598,0.3682946839412337
796,Wesley SafadÃ£o,13700000,8047148323,4586758,431,Music,2009,587.383089270073,0.050865397833699845
798,karameeshchannel,13700000,8970878211,7412316,2233,Entertainment,2012,654.808628540146,0.3682946839412337
800,Lindsey Stirling,13600000,3739722297,277052,199,Music,2007,274.9795806617647,0.050865397833699845
801,MyMissAnand,13600000,4913294463,522932,330,People&Blogs,2014,361.2716516911765,0.7402969231068015
802,Hacksmith Industries,13600000,1681434674,7953851,841,Science&Technology,2006,123.6349025,0.40317098133125906
803,PlayHard,13600000,2065995051,924185,2268,Gaming,2014,151.91140080882352,0.1714734475140664
804,Come Play With Me,13600000,16217322377,3961013,401,Entertainment,2014,1192.4501747794118,0.3682946839412337
805,NishaMadhulika,13600000,2906525854,115872,2142,Howto&Style,2009,213.7151363235294,0.024133821284519068
806,Wengie,13600000,1898294606,514971,460,Howto&Style,2010,139.5804857352941,0.024133821284519068
807,Think Music India,13500000,10703421300,3954981,4810,Music,2009,792.8460222222222,0.050865397833699845
808,ÐÐ»Ð°Ð´ Ð¸ ÐÐ¸ÐºÐ¸ÑÐ°,13600000,8254232931,233619,485,,2018,606.9288919852942,0.0
809,Saturday Night Live,13600000,14635215009,123247,8331,Entertainment,2013,1076.1187506617648,0.3682946839412337
810,Geo News,13500000,5471438985,144815,183146,News&Politics,2007,405.2917766666667,-0.00793467772677302
811,Ø£ØªØ±Ù/Atro,13500000,2409615746,713947,1877,Gaming,2017,178.49005525925926,0.1714734475140664
812,ÐÐ¾Ð·Ð·Ð¸,13400000,6807260737,511359,3152,People&Blogs,2012,508.0045326119403,0.7402969231068015
813,Prime Video India,13500000,8240065410,5749473,6458,Entertainment,2016,610.3752155555555,0.3682946839412337
816,BBC,13500000,9621431458,2299815,15522,Pets&Animals,2005,712.6986265185185,0.0
817,Jesser,13500000,3322511530,2421978,1227,Gaming,2012,246.1119651851852,0.1714734475140664
818,Desi Gamers,13500000,2098872064,512809,1315,Gaming,2015,155.47200474074074,0.1714734475140664
819,SEVENGERS,13500000,9627161529,1368926,826,Comedy,2018,713.1230762222223,0.6820464845369754
820,Beast Philanthropy,13500000,229420653,4736278,23,People&Blogs,2020,16.994122444444443,0.7402969231068015
821,Lady Diana,13400000,8171462560,1183341,1383,Entertainment,2016,609.8106388059701,0.3682946839412337
822,ê¹íë¡ KIMPRO,13400000,14671915134,1142393,1355,,2017,1094.9190398507462,0.0
823,Awakening Music,13400000,5478978303,10345971,800,Music,2006,408.8789778358209,0.050865397833699845
824,The Q,13400000,4275816158,1462056,297,People&Blogs,2017,319.0907580597015,0.7402969231068015
825,Typical Gamer,13400000,4242762842,188182,4247,Gaming,2008,316.62409268656717,0.1714734475140664
826,Anaysa,13400000,3398250853,246394,559,Howto&Style,2012,253.60080992537314,0.024133821284519068
827,Conor Maynard,13400000,2736174046,421582,311,Music,2006,204.19209298507462,0.050865397833699845
828,The World Adventures à¤¹à¤¿à¤¨à¥à¤¦à¥,13400000,2138000798,16464287,999,People&Blogs,2016,159.55229835820896,0.7402969231068015
829,AzzyLand,13400000,6384955165,4938037,1730,Gaming,2015,476.48919141791043,0.1714734475140664
830,Mythpat,13400000,2976913405,1905283,353,Entertainment,2018,222.15771679104478,0.3682946839412337
831,Bayashi TV,13400000,7651130435,20350528,1110,Entertainment,2021,570.9798832089552,0.3682946839412337
832,Goldmines Premiere,13400000,1919556874,3103073,877,Entertainment,2013,143.25051298507464,0.3682946839412337
833,O Que NÃ£o Dizer Oficial,13400000,1879854420,7364230,650,Comedy,2015,140.2876432835821,0.6820464845369754
834,Mr DegrEE,13400000,10766691886,10472629,1245,Science&Technology,2017,803.4844691044776,0.40317098133125906
835,H2ODelirious,13400000,4336437496,1058301,3588,Gaming,2007,323.6147385074627,0.1714734475140664
836,Alexa Rivera,13300000,2949627994,1329059,277,Howto&Style,2010,221.77654090225565,0.024133821284519068
837,DALLMYD,13300000,1885632253,885633,409,Sports,2011,141.77686112781956,0.15890168118858608
838,My Mate Nate,13300000,3298673663,1439366,1185,Comedy,2014,248.02057616541353,0.6820464845369754
839,Matt Steffanina,13300000,3268234745,13166783,584,Entertainment,2011,245.73193571428573,0.3682946839412337
840,ATHLEAN-Xâ¢,13300000,2296057886,376584,1336,Howto&Style,2006,172.6359312781955,0.024133821284519068
841,BUDI01 GAMING,13300000,1148933660,1397321,306,Gaming,2019,86.3859894736842,0.1714734475140664
842,GMA Integrated News,13200000,9415695273,206351,290829,News&Politics,2007,713.3102479545455,-0.00793467772677302
843,Codiscos,13300000,11577528715,185093,7317,Music,2007,870.4908808270677,0.050865397833699845
844,theRadBrad,13300000,6022881072,1066629,8139,Gaming,2006,452.84820090225566,0.1714734475140664
845,Kurt Hugo Schneider,13300000,3726667062,623333,695,Entertainment,2007,280.20053097744363,0.3682946839412337
847,Dental Digest,13200000,6982006528,280665,315,People&Blogs,2020,528.9398884848484,0.7402969231068015
848,VexTrex,13200000,7903652038,370294,3383,Entertainment,2014,598.761518030303,0.3682946839412337
849,jbalvinVEVO,13200000,20583355975,1234205,235,Music,2010,1559.3451496212122,0.050865397833699845
850,Blockbuster Movies,13200000,2738040788,3561632,651,Entertainment,2016,207.42733242424242,0.3682946839412337
851,Kids Lineâ¡ã­ããºã©ã¤ã³,13200000,8851760375,14992546,2697,People&Blogs,2011,670.5879071969697,0.7402969231068015
852,Ei Nerd,13200000,3528662798,165188,6012,Entertainment,2013,267.32293924242424,0.3682946839412337
853,Kabita's Kitchen,13200000,2763153970,689001,1435,Howto&Style,2014,209.32984621212123,0.024133821284519068
854,Trakin Tech,13200000,2194937166,755706,3583,Science&Technology,2011,166.28311863636364,0.40317098133125906
855,Brawl Stars,13200000,2012127000,2712391,165,Gaming,2017,152.43386363636364,0.1714734475140664
856,twenty one pilots,13100000,5181728519,602529,190,Music,2009,395.55179534351146,0.050865397833699845
857,Hungria Hip Hop,13100000,4534636863,3023936,66,Music,2013,346.15548572519083,0.050865397833699845
858,ÐÑÐ½Ð¾Ð¼Ð¾ÑÐ¸Ðº,13100000,6359242301,2768913,587,People&Blogs,2015,485.4383435877863,0.7402969231068015
859,RedeTV,13100000,5312127711,670209,35839,Entertainment,2011,405.50593213740456,0.3682946839412337
861,CookingShooking Hindi,13100000,1741591399,427014,393,People&Blogs,2017,132.9459083206107,0.7402969231068015
862,penguinz0,13100000,7520189703,2657278,4501,Gaming,2007,574.0602826717558,0.1714734475140664
863,The Infographics Show,13100000,5165659369,653843,4125,Education,2011,394.3251426717557,1.097713668156555
864,Vogue,13100000,4073775533,165715,3099,Entertainment,2008,310.97523152671755,0.3682946839412337
865,Airrack,13100000,1969348224,6127441,169,Entertainment,2015,150.3319254961832,0.3682946839412337
866,Alex Gonzaga Official,13100000,1385901047,1252117,272,People&Blogs,2017,105.79397305343511,0.7402969231068015
867,Sonotek Bhakti,13100000,4036357535,423582,8027,Entertainment,2010,308.1188958015267,0.3682946839412337
868,Peppa Pig em PortuguÃªs Brasil - Canal Oficial,13100000,4173310371,1585655,1321,Film&Animation,2014,318.5733107633588,0.5261173000667103
869,ISSEI / ãã£ãã,13100000,12120338790,3861881,1848,Comedy,2014,925.2167015267175,0.6820464845369754
870,Just For Laughs Gags,13100000,7296123248,76205,6822,Comedy,2007,556.955973129771,0.6820464845369754
871,Acenix,13200000,2044690101,1386227,344,Gaming,2014,154.90076522727273,0.1714734475140664
875,Lokdhun Punjabi,13000000,4688898547,1465788,1301,Music,2010,360.68450361538464,0.050865397833699845
876,Wolfoo Channel,13000000,894851883,661978,123,,2019,68.83476023076923,0.0
877,Technology Gyan,13100000,1108552798,444976,999,Science&Technology,2015,84.6223509923664,0.40317098133125906
878,Woody & Kleiny,13000000,11020190294,50820245,931,Comedy,2013,847.7069456923077,0.6820464845369754
879,Supercar Blondie,13100000,4713016056,29469326,804,Autos&Vehicles,2007,359.7722180152672,0.0
880,7 Minutoz,13000000,4303983971,792222,521,Music,2012,331.0756900769231,0.050865397833699845
881,BanderitaX,13000000,4005103118,1253133,1625,Gaming,2013,308.0848552307692,0.1714734475140664
882,Everson Zoio,13000000,1021059457,486240,625,Comedy,2009,78.54303515384615,0.6820464845369754
884,Matheus Yurley,13000000,139868792,773706,69,Entertainment,2015,10.759137846153846,0.3682946839412337
885,JesseAndMike,13000000,9886737020,4142389,697,Entertainment,2007,760.5182323076923,0.3682946839412337
886,The LaBrant Fam,13000000,4628943660,798806,611,Comedy,2012,356.0725892307692,0.6820464845369754
887,Calon Sarjana,13000000,10664585,586861,29,Entertainment,2016,0.8203526923076923,0.3682946839412337
889,Top Viral Talent,12900000,3615362244,1588402,1563,Entertainment,2014,280.2606390697674,0.3682946839412337
890,The Shiny Peanut,12900000,2847166702,208876,2337,Education,2016,220.71059705426356,1.097713668156555
891,RaptorGamer,12900000,2829765216,1105512,1373,People&Blogs,2016,219.36164465116278,0.7402969231068015
892,gymvirtual,12900000,2491059967,122119,1563,Sports,2010,193.1054237984496,0.15890168118858608
893,EnriqueIglesiasVEVO,12900000,15325839497,11167756,137,Music,2009,1188.0495734108526,0.050865397833699845
894,åå¬å®¤å°é Ms Yeah,12900000,4278274052,3432786,434,People&Blogs,2017,331.6491513178295,0.7402969231068015
895,Davie504,12900000,2646385180,736954,832,Entertainment,2011,205.14613798449614,0.3682946839412337
896,WiederDude,12900000,2658812842,6603425,285,,2016,206.10952263565892,0.0
897,BIBOì ì¥ëê°,12900000,3171207197,1340365,185,Entertainment,2016,245.83001527131782,0.3682946839412337
900,MrSuicideSheep,12800000,6943748431,700198,3439,Entertainment,2010,542.480346171875,0.3682946839412337
901,#RefÃºgio Mental,12800000,2697340963,743321,873,Entertainment,2013,210.729762734375,0.3682946839412337
902,BeyoncÃ©VEVO,12800000,14042166017,10872562,168,Music,2009,1097.044220078125,0.050865397833699845
903,ììTwinsFromRussia,12800000,9154973891,1038360,6664,People&Blogs,2011,715.232335234375,0.7402969231068015
904,Lofi Girl,12800000,1640749784,16245572,396,Music,2015,128.183576875,0.050865397833699845
905,BIBO Ð¸ ÐÐ³ÑÑÑÐºÐ¸,12900000,1125874305,778714,186,Entertainment,2019,87.27707790697674,0.3682946839412337
906,Vijay Kumar Viner Vlogs,12800000,7769332603,33045591,1253,Entertainment,2019,606.979109609375,0.3682946839412337
907,BeatboxJCOP,13200000,7015009221,19536295,721,Film&Animation,2011,531.4400925,0.5261173000667103
908,Troom Troom India,12800000,6771250663,514173,2318,Howto&Style,2015,529.003958046875,0.024133821284519068
909,ÐÐ°ÑÐ° ÑÐ° ÐÐµÐ´Ð¼ÑÐ´Ñ,12700000,5501578473,126965,1201,Shows,2014,433.1951553543307,-0.03585656666974111
910,Jass Records,12700000,5884252841,2457156,5093,Music,2014,463.32699535433073,0.050865397833699845
911,Painzeiro,12800000,2469200307,3365429,1044,People&Blogs,2015,192.906273984375,0.7402969231068015
912,Rauw Alejandro,12700000,11173689429,9976166,152,Music,2014,879.8180652755906,0.050865397833699845
913,Piuzinho,12700000,1075919481,480242,499,Gaming,2015,84.71806937007874,0.1714734475140664
914,JULIA GISELLA,12700000,4959852702,1881335,687,Entertainment,2020,390.53958283464567,0.3682946839412337
915,Sanjoy Das Official,12800000,3623294526,1460180,1746,Entertainment,2015,283.06988484375,0.3682946839412337
916,Melon City Show - Ø¨Ø±ÙØ§ÙØ¬ ÙÙØ§ÙØ© Ø¨Ø·ÙØ®,12700000,5807720255,339009,1718,Comedy,2016,457.300807480315,0.6820464845369754
917,Talking Angela,12700000,3575937432,428486275,227,Entertainment,2014,281.5698765354331,0.3682946839412337
918,Adexe & Nau,12600000,4564824571,129336,591,Music,2013,362.28766436507937,0.050865397833699845
920,AlArabiya Ø§ÙØ¹Ø±Ø¨ÙØ©,12600000,7352599420,267668,162635,People&Blogs,2006,583.5396365079365,0.7402969231068015
921,Franco Escamilla,12600000,4146772262,1522593,2415,Comedy,2007,329.10890968253966,0.6820464845369754
923,Blossom,12600000,4674573460,436306,751,Howto&Style,2017,370.9978936507936,0.024133821284519068
924,Stray Kids,12600000,3060051342,738253,776,People&Blogs,2017,242.8612176190476,0.7402969231068015
925,Pastor AntÃ´nio JÃºnior,12600000,2055830379,151676,4571,People&Blogs,2013,163.1611411904762,0.7402969231068015
928,NickiMinajAtVEVO,12600000,8776636890,2409255,99,Music,2010,696.5584833333334,0.050865397833699845
929,YoungBoy Never Broke Again,12500000,12869042623,2626674,141,Entertainment,2015,1029.52340984,0.3682946839412337
930,Health Time,12600000,1000203734,72684,1777,Howto&Style,2016,79.38124873015873,0.024133821284519068
931,Ryan Trahan,12600000,2020384694,5941975,278,Entertainment,2013,160.34799158730158,0.3682946839412337
932,Morgz,12500000,3183162597,14462635,815,Gaming,2014,254.65300776,0.1714734475140664
933,CaseyNeistat,12500000,3138413261,1043191,1097,People&Blogs,2010,251.07306088,0.7402969231068015
934,SAAIHALILINTAR,12400000,1111869313,1106778,409,Entertainment,2012,89.66688008064516,0.3682946839412337
935,Parafernalha,12500000,4609867805,156624,1835,Entertainment,2011,368.7894244,0.3682946839412337
936,Adam W,12500000,9062133616,16817461,658,Comedy,2015,724.97068928,0.6820464845369754
937,Wolfoo Family,12500000,911151428,249701,148,,2019,72.89211424,0.0
938,Ja Mill,12500000,1302818088,945703,567,People&Blogs,2016,104.22544704,0.7402969231068015
940,CKM,12400000,4438253186,24787628,116,Comedy,2018,357.92364403225804,0.6820464845369754
941,Gibby :),12400000,2850418282,374801,223,People&Blogs,2014,229.8724420967742,0.7402969231068015
942,elcarteldesantatv,12400000,7284300230,20155446,351,Music,2008,587.4435669354839,0.050865397833699845
943,MÃ¡s SKabeche,12400000,3092154846,2158532,743,Travel&Events,2015,249.36732629032258,0.0
944,Migos ATL,12400000,6907973641,1211324,99,Music,2012,557.094648467742,0.050865397833699845
945,Pari's Lifestyle,12400000,7660874571,26449937,443,People&Blogs,2018,617.8124654032258,0.7402969231068015
946,NDTV,12400000,4851814181,549523,147361,Entertainment,2006,391.2753371774194,0.3682946839412337
947,Troom Troom PT,12400000,4365492072,159696,2672,Howto&Style,2015,352.0558122580645,0.024133821284519068
948,Timba Vk,12400000,2800522258,1379740,989,Gaming,2012,225.8485691935484,0.1714734475140664
949,LOUD,12400000,2382650268,604512,1164,Gaming,2019,192.14921516129033,0.1714734475140664
950,colinfurze,12400000,1599006607,9087997,381,Entertainment,2006,128.95214572580645,0.3682946839412337
951,People Vs Food,12400000,1113896647,121497,572,Entertainment,2013,89.83037475806452,0.3682946839412337
952,DisneyChannelUK,12400000,12558228909,38118576,4405,Music,2007,1012.7603958870968,0.050865397833699845
953,TKOR,12400000,3386045948,209121,1528,Education,2010,273.06822161290324,1.097713668156555
955,Yair17,12400000,1385589361,846348,1089,Gaming,2014,111.7410775,0.1714734475140664
956,Troom Troom Indonesia,12400000,5328826451,6008390,1834,People&Blogs,2019,429.74406862903226,0.7402969231068015
957,Wave Music Bhakti,12400000,5118781925,1791980,19758,Music,2011,412.8049939516129,0.050865397833699845
958,Quantum Tech HD,12400000,4246020737,289312,446,Science&Technology,2015,342.4210271774194,0.40317098133125906
959,Hero Movies 2023,12300000,1680942847,1583061,623,People&Blogs,2017,136.66202008130082,0.7402969231068015
960,Avril Lavigne,12300000,6127839556,970221,194,Music,2005,498.1983378861789,0.050865397833699845
961,SR Toys Collection,12300000,4025826459,4630406,984,Entertainment,2012,327.3029641463415,0.3682946839412337
962,Flowers Comedy,12300000,11392567010,1205372,11513,Entertainment,2015,926.2249601626016,0.3682946839412337
963,Bela BagunÃ§a,12300000,2866881331,307355,1053,People&Blogs,2015,233.07978300813008,0.7402969231068015
964,First We Feast,12300000,2859245063,3970394,1001,Howto&Style,2014,232.4589482113821,0.024133821284519068
965,bharatzkitchen HINDI,12300000,2271753456,452389,712,Howto&Style,2016,184.69540292682927,0.024133821284519068
966,Ice Cream Rolls,12300000,1591400594,233446,1869,Entertainment,2011,129.38216211382112,0.3682946839412337
969,Peet Montzingo,12300000,9180113668,476117,300,People&Blogs,2014,746.3507047154471,0.7402969231068015
970,DaniRep | +6 VÃ­deos Diarios De GTA 5 Online!,12300000,6840341573,345653,12263,Gaming,2012,556.1253311382114,0.1714734475140664
971,Ian Boggs,12300000,8513664531,1476667,1252,Entertainment,2010,692.1678480487805,0.3682946839412337
972,XOMG POP!,12300000,2610848966,1897520,178,Entertainment,2015,212.26414357723579,0.3682946839412337
973,Zee Kids,12200000,7513104803,16456518,1172,Film&Animation,2012,615.8282625409836,0.5261173000667103
974,Gustavo ParÃ³dias,12200000,2506376546,4615209,887,Comedy,2014,205.44070049180328,0.6820464845369754
975,Right to Shiksha,12300000,7520280943,10089163,1898,Education,2020,611.4049547154472,1.097713668156555
976,Zee Tamil,12200000,11013320094,1285019,98751,Entertainment,2008,902.7311552459016,0.3682946839412337
977,Susy Mouriz,12200000,5809180491,2480355,1221,Entertainment,2017,476.16233532786885,0.3682946839412337
978,Make Joke Of,12200000,2086207539,5756084,59,Comedy,2017,171.00061795081967,0.6820464845369754
979,GoldminesAction,12200000,1292522130,2449038,879,Film&Animation,2015,105.9444368852459,0.5261173000667103
980,The Vishal bhatt,12200000,8688904253,13290061,971,Comedy,2021,712.2052666393442,0.6820464845369754
981,eltrece,12200000,11888772880,90521,163703,Entertainment,2014,974.4895803278689,0.3682946839412337
982,NATTI NATASHA,12200000,7913442775,1132368,197,Music,2015,648.6428504098361,0.050865397833699845
983,123 GO!,12200000,4705635283,628114,532,People&Blogs,2019,385.70781008196724,0.7402969231068015
984,Panda,12200000,2180623385,587480,1486,,2018,178.73962172131147,0.0
985,Kylie Jenner,12200000,789797370,1777781,155,People&Blogs,2015,64.7374893442623,0.7402969231068015
986,ì¤ê¸°ìSULGI,12200000,3305707051,127106,656,People&Blogs,2012,270.9595943442623,0.7402969231068015
987,Luan Santana,12100000,5679234340,8025172,394,Music,2009,469.3582099173554,0.050865397833699845
988,MBC ÙØµØ±,12100000,6763533568,515833,43593,Entertainment,2012,558.9697163636364,0.3682946839412337
990,POCOYÃ en ESPAÃOL - Canal Oficial,12100000,9042171657,681669,1718,Film&Animation,2007,747.2869138016529,0.5261173000667103
991,Mor Haryanvi,12100000,6136830632,2382483,413,Music,2015,507.1760852892562,0.050865397833699845
992,Lulu99,12100000,2275229415,656971,563,Entertainment,2015,188.0354888429752,0.3682946839412337
993,Nat and Essie,12100000,7223312696,3506390,1153,Film&Animation,2015,596.9679914049586,0.5261173000667103
994,ARY News,12100000,6575484290,457956,76304,News&Politics,2013,543.4284537190083,-0.00793467772677302
995,Wild 'N Out,12100000,4874369002,966482,1502,Entertainment,2006,402.84041338842974,0.3682946839412337
996,LipaoGamer,12100000,4164652102,2133110,11501,Gaming,2011,344.1861241322314,0.1714734475140664
997,Black Eyed Peas,12100000,10698945790,7786915,96,Music,2007,884.2103958677686,0.050865397833699845
998,Ð¡Ð¢Ð¡,12100000,10450163034,803832,10748,People&Blogs,2007,863.6498375206612,0.7402969231068015
999,RobTopGames,12000000,368308723,6082589,39,Gaming,2012,30.692393583333335,0.1714734475140664
